,Date,Position,Batter,Runs,Total Bases,Walks,Strike Outs,Stolen Bases,Points
0,MARCH 30,C,Adley Rutschman,1,8,4,1,0,14.0
1,MARCH 30,1B,Brandon Drury,0,0,0,0,1,-1.0
2,MARCH 30,2B,Brendan Donovan,3,6,2,0,0,11.0
3,MARCH 30,3B,Yandy Diaz,0,0,0,1,1,0.0
4,MARCH 30,SS,Jeremy Pena,0,1,0,0,2,0.0
5,MARCH 30,OF,Anthony Santander,0,3,0,0,2,1.0
6,MARCH 30,OF,Steven Kwan,0,0,0,0,1,-1.0
7,MARCH 30,OF,Byron Buxton,1,4,0,0,1,4.0
8,MARCH 30,UTIL,Anthony Rendon,0,0,0,1,2,-1.0
13,MARCH 31,SS,Jeremy Pena,1,1,0,0,1,1.0
15,MARCH 31,OF,Steven Kwan,0,3,5,1,1,8.0
18,APRIL 1,C,Adley Rutschman,1,1,0,0,0,2.0
20,APRIL 1,2B,Brendan Donovan,1,1,0,0,1,1.0
21,APRIL 1,3B,Yandy Diaz,3,7,3,1,1,13.0
22,APRIL 1,SS,Jeremy Pena,1,3,1,0,0,5.0
23,APRIL 1,OF,Anthony Santander,1,3,1,0,1,4.0
24,APRIL 1,OF,Steven Kwan,0,1,0,0,2,-1.0
25,APRIL 1,OF,Byron Buxton,2,3,0,0,1,4.0
27,APRIL 2,C,Adley Rutschman,0,0,0,0,3,-3.0
28,APRIL 2,1B,Brandon Drury,0,0,0,0,1,-1.0
29,APRIL 2,2B,Brendan Donovan,1,4,2,0,1,6.0
30,APRIL 2,3B,Yandy Diaz,0,0,0,0,0,0.0
31,APRIL 2,SS,Jeremy Pena,1,0,0,1,2,0.0
32,APRIL 2,OF,Anthony Santander,0,1,0,0,1,0.0
33,APRIL 2,OF,Steven Kwan,0,1,1,0,0,2.0
34,APRIL 2,OF,Byron Buxton,0,2,0,1,1,2.0
36,APRIL 3,C,Adley Rutschman,0,1,0,0,1,0.0
37,APRIL 3,1B,Brandon Drury,0,4,1,0,0,5.0
38,APRIL 3,2B,Brendan Donovan,0,0,1,0,2,-1.0
40,APRIL 3,SS,Jeremy Pena,1,0,1,1,0,3.0
41,APRIL 3,OF,Anthony Santander,0,0,0,0,1,-1.0
42,APRIL 3,OF,Steven Kwan,3,3,1,0,0,7.0
43,APRIL 3,OF,Byron Buxton,1,0,0,1,1,1.0
45,APRIL 4,C,Adley Rutschman,0,1,0,0,0,1.0
46,APRIL 4,1B,Christian Bethancourt,0,0,0,0,3,-3.0
47,APRIL 4,2B,Brandon Drury,0,2,1,0,1,2.0
48,APRIL 4,3B,Yandy Diaz,3,5,3,1,0,12.0
49,APRIL 4,SS,Jeremy Pena,0,0,0,0,1,-1.0
50,APRIL 4,OF,Anthony Santander,0,0,0,2,1,1.0
51,APRIL 4,OF,Steven Kwan,0,2,0,0,0,2.0
54,APRIL 5,C,Adley Rutschman,0,0,0,1,1,0.0
56,APRIL 5,2B,Brandon Drury,0,0,0,0,3,-3.0
57,APRIL 5,3B,Yandy Diaz,2,1,0,1,0,4.0
58,APRIL 5,SS,Jeremy Pena,2,6,2,0,0,10.0
59,APRIL 5,OF,Anthony Santander,0,0,0,0,3,-3.0
60,APRIL 5,OF,Steven Kwan,0,2,1,1,0,5.0
61,APRIL 5,OF,Byron Buxton,0,1,0,0,2,-1.0
72,APRIL 7,C,Adley Rutschman,1,1,1,2,1,4.0
73,APRIL 7,1B,Joey Meneses,1,3,0,2,0,6.0
74,APRIL 7,2B,Brendan Donovan,0,1,0,0,1,0.0
75,APRIL 7,3B,Yandy Diaz,0,0,0,0,2,-2.0
76,APRIL 7,SS,Jeremy Pena,0,0,0,0,4,-4.0
77,APRIL 7,OF,Anthony Santander,1,2,0,0,2,1.0
78,APRIL 7,OF,Steven Kwan,0,0,0,0,2,-2.0
79,APRIL 7,OF,Byron Buxton,1,2,0,0,1,2.0
81,APRIL 8,C,Adley Rutschman,0,1,0,2,1,2.0
82,APRIL 8,1B,Joey Meneses,0,2,0,0,0,2.0
83,APRIL 8,2B,Brandon Drury,0,0,0,0,0,0.0
84,APRIL 8,3B,Yandy Diaz,1,0,0,1,0,2.0
85,APRIL 8,SS,Jeremy Pena,1,4,2,0,3,4.0
86,APRIL 8,OF,Anthony Santander,0,0,1,0,0,1.0
87,APRIL 8,OF,Steven Kwan,0,1,0,1,1,1.0
88,APRIL 8,OF,Byron Buxton,1,4,3,0,2,6.0
90,APRIL 9,C,Adley Rutschman,2,7,1,0,0,10.0
92,APRIL 9,2B,Brandon Drury,2,4,1,0,3,4.0
95,APRIL 9,OF,Anthony Santander,0,2,2,1,2,3.0
96,APRIL 9,OF,Steven Kwan,1,4,0,2,0,8.0
97,APRIL 9,OF,Byron Buxton,1,1,0,0,1,1.0
98,APRIL 9,UTIL,Anthony Rendon,1,1,2,1,0,5.0
99,APRIL 10,C,Adley Rutschman,1,4,1,0,2,4.0
100,APRIL 10,1B,Joey Meneses,0,3,0,0,0,3.0
101,APRIL 10,2B,Brandon Drury,0,0,0,1,0,1.0
102,APRIL 10,3B,Yandy Diaz,0,1,0,1,0,2.0
103,APRIL 10,SS,Jeremy Pena,1,2,0,0,1,2.0
104,APRIL 10,OF,Anthony Santander,0,1,0,0,1,0.0
105,APRIL 10,OF,Steven Kwan,1,0,0,2,0,4.0
106,APRIL 10,OF,Byron Buxton,0,0,0,0,1,-1.0
108,APRIL 11,C,Adley Rutschman,2,3,0,2,0,7.0
109,APRIL 11,1B,Joey Meneses,0,0,0,1,1,0.0
110,APRIL 11,2B,Brendan Donovan,2,0,0,2,2,2.0
111,APRIL 11,3B,Yandy Diaz,3,6,1,1,0,11.0
112,APRIL 11,SS,Jeremy Pena,0,1,0,0,1,0.0
113,APRIL 11,OF,Anthony Santander,0,0,0,2,3,-1.0
114,APRIL 11,OF,Steven Kwan,1,1,0,0,0,2.0
115,APRIL 11,OF,Byron Buxton,1,4,2,0,1,6.0
116,APRIL 11,UTIL,Anthony Rendon,0,0,1,2,0,3.0
117,APRIL 12,C,Adley Rutschman,0,1,1,1,0,3.0
118,APRIL 12,1B,Joey Meneses,0,1,1,0,1,1.0
119,APRIL 12,2B,Brendan Donovan,0,1,0,0,2,-1.0
120,APRIL 12,3B,Jordan Walker,1,1,0,0,2,0.0
121,APRIL 12,SS,Jeremy Pena,0,1,0,1,1,1.0
123,APRIL 12,OF,Steven Kwan,1,1,0,2,0,4.0
124,APRIL 12,OF,Byron Buxton,0,1,0,0,2,-1.0
125,APRIL 12,UTIL,Anthony Rendon,0,0,0,1,0,1.0
126,APRIL 13,C,Adley Rutschman,1,4,1,0,0,6.0
128,APRIL 13,2B,Brendan Donovan,0,3,0,0,1,2.0
129,APRIL 13,3B,Jordan Walker,0,0,0,0,2,-2.0
133,APRIL 13,OF,Byron Buxton,1,0,0,2,1,2.0
134,APRIL 13,UTIL,Yandy Diaz,1,4,1,0,0,6.0
135,APRIL 14,C,Adley Rutschman,0,2,3,3,0,8.0
136,APRIL 14,1B,Yandy Diaz,0,0,0,0,1,-1.0
137,APRIL 14,2B,Brendan Donovan,0,2,0,0,1,1.0
138,APRIL 14,3B,Anthony Rendon,1,3,1,1,0,6.0
139,APRIL 14,SS,Jeremy Pena,0,0,0,1,0,1.0
140,APRIL 14,OF,Steven Kwan,0,0,0,1,0,1.0
141,APRIL 14,OF,Byron Buxton,1,0,0,1,2,0.0
142,APRIL 14,OF,Jordan Walker,1,0,0,0,0,1.0
144,APRIL 15,C,Adley Rutschman,0,0,1,2,0,3.0
145,APRIL 15,1B,Yandy Diaz,0,0,0,1,3,-2.0
146,APRIL 15,2B,Brendan Donovan,1,4,0,1,0,8.0
147,APRIL 15,3B,Anthony Rendon,1,1,1,1,0,4.0
148,APRIL 15,SS,Jeremy Pena,1,3,2,0,1,5.0
149,APRIL 15,OF,Steven Kwan,0,0,0,1,0,2.0
150,APRIL 15,OF,Byron Buxton,0,0,0,0,4,-4.0
151,APRIL 15,OF,Jordan Walker,0,0,0,0,2,-2.0
152,APRIL 15,UTIL,Jarred Kelenic,1,1,0,0,3,-1.0
153,APRIL 16,C,Adley Rutschman,1,1,0,2,0,4.0
154,APRIL 16,1B,Yandy Diaz,1,3,0,1,1,4.0
155,APRIL 16,2B,Brendan Donovan,0,1,0,0,0,1.0
156,APRIL 16,3B,Anthony Rendon,1,2,0,0,0,3.0
157,APRIL 16,SS,Jeremy Pena,1,2,0,0,1,5.0
158,APRIL 16,OF,Steven Kwan,1,2,2,0,1,5.0
159,APRIL 16,OF,Jordan Walker,0,1,0,0,2,-1.0
160,APRIL 16,OF,Jarred Kelenic,0,1,1,1,0,4.0
163,APRIL 17,1B,Yandy Diaz,0,0,0,1,0,1.0
164,APRIL 17,2B,Brendan Donovan,1,1,0,0,0,2.0
166,APRIL 17,SS,Jeremy Pena,1,0,0,0,0,1.0
168,APRIL 17,OF,Jarred Kelenic,0,0,0,0,0,0.0
169,APRIL 17,OF,Brent Rooker,0,1,0,0,0,1.0
170,APRIL 17,UTIL,Nico Hoerner,3,2,1,1,0,8.0
171,APRIL 18,C,Adley Rutschman,0,0,0,0,1,-1.0
172,APRIL 18,1B,Joey Meneses,0,0,0,0,1,-1.0
174,APRIL 18,3B,Yandy Diaz,1,5,3,0,0,9.0
175,APRIL 18,SS,Jeremy Pena,0,0,0,0,0,0.0
176,APRIL 18,OF,Steven Kwan,0,1,0,1,0,2.0
177,APRIL 18,OF,Jarred Kelenic,0,0,0,2,1,1.0
178,APRIL 18,OF,Brent Rooker,0,0,0,1,0,1.0
179,APRIL 18,UTIL,Nico Hoerner,0,2,0,0,0,2.0
180,APRIL 19,C,Adley Rutschman,0,0,1,1,3,-1.0
181,APRIL 19,1B,Joey Meneses,0,2,0,0,1,1.0
182,APRIL 19,2B,Nico Hoerner,0,4,0,0,0,4.0
183,APRIL 19,3B,Yandy Diaz,1,5,1,1,0,8.0
184,APRIL 19,SS,Jeremy Pena,2,4,3,0,1,9.0
185,APRIL 19,OF,Steven Kwan,1,0,0,1,0,2.0
186,APRIL 19,OF,Byron Buxton,2,2,0,1,0,5.0
187,APRIL 19,OF,Jarred Kelenic,0,1,1,0,0,2.0
188,APRIL 19,UTIL,Anthony Rendon,0,1,0,1,0,2.0
191,APRIL 20,2B,Nico Hoerner,0,1,1,0,0,2.0
197,APRIL 20,UTIL,Anthony Rendon,0,0,0,0,2,-2.0
198,APRIL 21,C,Adley Rutschman,0,0,0,0,1,-1.0
199,APRIL 21,1B,Joey Meneses,1,4,1,0,1,5.0
200,APRIL 21,2B,Nico Hoerner,1,7,4,0,0,12.0
201,APRIL 21,3B,Yandy Diaz,0,2,1,0,2,1.0
202,APRIL 21,SS,Jeremy Pena,0,0,0,0,3,-3.0
203,APRIL 21,OF,Byron Buxton,0,3,0,0,0,3.0
204,APRIL 21,OF,Jarred Kelenic,0,1,2,0,2,1.0
205,APRIL 21,OF,Brent Rooker,1,1,0,2,0,4.0
206,APRIL 21,UTIL,Anthony Rendon,0,0,0,1,0,1.0
207,APRIL 22,C,Adley Rutschman,1,2,1,1,0,5.0
208,APRIL 22,1B,Joey Meneses,0,5,2,0,2,5.0
209,APRIL 22,2B,Nico Hoerner,2,5,2,0,1,8.0
210,APRIL 22,3B,Yandy Diaz,2,3,0,0,0,5.0
211,APRIL 22,SS,Jeremy Pena,1,3,0,0,0,5.0
212,APRIL 22,OF,Steven Kwan,0,2,1,1,2,2.0
213,APRIL 22,OF,Byron Buxton,1,4,1,1,2,5.0
214,APRIL 22,OF,Jarred Kelenic,1,6,1,0,1,7.0
215,APRIL 22,UTIL,Anthony Rendon,0,0,0,0,1,-1.0
216,APRIL 23,C,Adley Rutschman,0,0,0,0,2,-2.0
217,APRIL 23,1B,Joey Meneses,0,0,0,0,0,0.0
218,APRIL 23,2B,Nico Hoerner,1,0,0,1,0,2.0
220,APRIL 23,SS,Jeremy Pena,0,0,0,0,2,-2.0
221,APRIL 23,OF,Steven Kwan,1,1,0,0,0,2.0
222,APRIL 23,OF,Byron Buxton,0,1,0,0,2,-1.0
223,APRIL 23,OF,Jarred Kelenic,1,4,1,0,1,5.0
224,APRIL 23,UTIL,Brent Rooker,0,0,0,0,1,-1.0
225,APRIL 24,C,Adley Rutschman,0,1,0,0,0,1.0
226,APRIL 24,1B,Yandy Diaz,1,2,0,0,0,3.0
227,APRIL 24,2B,Brendan Donovan,0,2,0,0,0,2.0
228,APRIL 24,3B,Anthony Rendon,1,3,2,0,2,4.0
229,APRIL 24,SS,Jeremy Pena,1,4,1,0,1,5.0
230,APRIL 24,OF,Steven Kwan,0,4,0,0,0,4.0
231,APRIL 24,OF,Byron Buxton,0,0,1,0,1,0.0
233,APRIL 24,UTIL,Brent Rooker,2,8,3,2,1,14.0
234,APRIL 25,C,Adley Rutschman,0,1,0,0,0,1.0
235,APRIL 25,1B,Joey Meneses,0,3,2,0,1,4.0
236,APRIL 25,2B,Nico Hoerner,0,3,3,0,0,6.0
237,APRIL 25,3B,Anthony Rendon,1,0,0,2,1,3.0
238,APRIL 25,SS,Jeremy Pena,1,3,1,1,1,5.0
239,APRIL 25,OF,Steven Kwan,1,1,0,0,1,2.0
240,APRIL 25,OF,Byron Buxton,1,6,2,0,0,9.0
241,APRIL 25,OF,Jarred Kelenic,1,7,1,0,0,9.0
242,APRIL 25,UTIL,Brent Rooker,1,2,0,1,2,2.0
243,APRIL 26,C,Adley Rutschman,0,0,1,2,0,3.0
244,APRIL 26,1B,Joey Meneses,0,1,0,1,1,1.0
245,APRIL 26,2B,Nico Hoerner,0,1,1,0,0,3.0
246,APRIL 26,3B,Anthony Rendon,1,2,0,0,0,3.0
247,APRIL 26,SS,Jeremy Pena,1,2,0,0,0,3.0
248,APRIL 26,OF,Steven Kwan,0,0,0,2,1,2.0
250,APRIL 26,OF,Jarred Kelenic,0,0,0,0,3,-3.0
251,APRIL 26,UTIL,Brent Rooker,0,0,1,1,0,2.0
252,APRIL 27,C,Adley Rutschman,0,2,1,0,0,3.0
253,APRIL 27,1B,Joey Meneses,1,1,0,0,1,1.0
255,APRIL 27,3B,Anthony Rendon,2,3,1,0,2,4.0
256,APRIL 27,SS,Nico Hoerner,1,1,0,0,0,2.0
257,APRIL 27,OF,Byron Buxton,1,4,3,0,0,8.0
258,APRIL 27,OF,Jarred Kelenic,0,0,0,1,0,1.0
259,APRIL 27,OF,Brent Rooker,1,4,3,0,1,7.0
260,APRIL 27,UTIL,Yandy Diaz,2,6,1,1,1,9.0
262,APRIL 28,1B,Yandy Diaz,1,2,0,0,0,3.0
263,APRIL 28,2B,Brendan Donovan,0,2,0,0,0,2.0
264,APRIL 28,3B,Anthony Rendon,1,1,0,0,0,2.0
265,APRIL 28,SS,Nico Hoerner,0,1,0,0,1,0.0
266,APRIL 28,OF,Byron Buxton,0,2,0,1,1,2.0
267,APRIL 28,OF,Jarred Kelenic,1,2,0,0,2,3.0
268,APRIL 28,OF,Brent Rooker,2,6,2,1,0,11.0
269,APRIL 28,UTIL,Steven Kwan,1,2,0,0,1,2.0
270,APRIL 29,C,Adley Rutschman,0,2,0,1,0,3.0
271,APRIL 29,1B,Joey Meneses,0,2,0,0,2,0.0
272,APRIL 29,2B,Brendan Donovan,0,0,0,0,0,0.0
273,APRIL 29,3B,Anthony Rendon,0,0,0,2,0,3.0
274,APRIL 29,SS,Nico Hoerner,0,1,2,1,1,3.0
275,APRIL 29,OF,Byron Buxton,2,4,1,1,2,6.0
276,APRIL 29,OF,Jarred Kelenic,0,1,0,0,1,0.0
277,APRIL 29,OF,Brent Rooker,0,1,0,1,3,-1.0
278,APRIL 29,UTIL,Steven Kwan,1,3,0,1,1,4.0
279,APRIL 30,C,Adley Rutschman,1,2,0,1,1,3.0
280,APRIL 30,1B,Joey Meneses,1,4,1,0,1,5.0
281,APRIL 30,2B,Nico Hoerner,0,1,0,0,3,-2.0
283,APRIL 30,SS,Jeremy Pena,1,1,0,0,0,2.0
284,APRIL 30,OF,Byron Buxton,2,6,3,0,1,10.0
285,APRIL 30,OF,Jarred Kelenic,2,0,0,1,2,1.0
286,APRIL 30,OF,Brent Rooker,2,5,2,0,0,9.0
287,APRIL 30,UTIL,Steven Kwan,1,2,0,0,0,3.0
289,MAY 1,1B,Joey Meneses,0,0,0,0,1,-1.0
290,MAY 1,2B,Nico Hoerner,1,1,0,0,0,2.0
292,MAY 1,SS,Jeremy Pena,0,2,1,0,0,3.0
296,MAY 1,UTIL,Steven Kwan,1,1,0,0,1,1.0
297,MAY 2,C,Adley Rutschman,3,6,1,1,1,10.0
298,MAY 2,1B,Joey Meneses,0,0,0,0,1,-1.0
299,MAY 2,2B,Nico Hoerner,0,0,0,0,1,-1.0
300,MAY 2,3B,Anthony Rendon,1,1,1,1,0,4.0
301,MAY 2,SS,Jeremy Pena,0,0,0,0,1,-1.0
302,MAY 2,OF,Byron Buxton,1,1,0,1,2,2.0
303,MAY 2,OF,Jarred Kelenic,0,2,1,1,1,3.0
304,MAY 2,OF,Brent Rooker,0,0,0,0,4,-4.0
305,MAY 2,UTIL,Yandy Diaz,0,0,0,3,0,3.0
306,MAY 3,C,Adley Rutschman,0,1,0,0,0,1.0
307,MAY 3,1B,Yandy Diaz,1,2,0,0,1,2.0
308,MAY 3,2B,Nico Hoerner,1,0,0,1,1,2.0
309,MAY 3,3B,Anthony Rendon,0,1,1,1,1,2.0
310,MAY 3,SS,Jeremy Pena,0,0,0,0,3,-3.0
311,MAY 3,OF,Steven Kwan,0,2,0,0,0,2.0
312,MAY 3,OF,Byron Buxton,0,2,1,2,0,6.0
313,MAY 3,OF,Jarred Kelenic,0,1,0,0,1,0.0
314,MAY 3,UTIL,Brent Rooker,0,0,0,1,1,0.0
315,MAY 4,C,Adley Rutschman,0,0,0,1,1,0.0
316,MAY 4,1B,Yandy Diaz,1,6,1,0,0,8.0
317,MAY 4,2B,Brendan Donovan,0,0,0,0,1,-1.0
318,MAY 4,3B,Anthony Rendon,2,2,0,1,0,5.0
319,MAY 4,SS,Nico Hoerner,0,1,1,0,1,1.0
320,MAY 4,OF,Byron Buxton,1,4,1,2,2,6.0
321,MAY 4,OF,Joey Meneses,1,1,0,0,0,2.0
322,MAY 4,OF,Jarred Kelenic,0,2,0,0,2,0.0
323,MAY 4,UTIL,Brent Rooker,0,1,0,0,0,1.0
324,MAY 5,C,Adley Rutschman,1,0,0,2,1,2.0
325,MAY 5,1B,Yandy Diaz,2,4,1,0,1,6.0
326,MAY 5,2B,Nico Hoerner,1,3,0,0,2,2.0
327,MAY 5,3B,Anthony Rendon,0,2,0,0,0,2.0
328,MAY 5,SS,Jeremy Pena,0,1,0,0,1,0.0
329,MAY 5,OF,Byron Buxton,0,0,0,1,3,-2.0
330,MAY 5,OF,Joey Meneses,0,0,0,0,3,-3.0
331,MAY 5,OF,Jarred Kelenic,0,1,0,0,1,0.0
332,MAY 5,UTIL,Brent Rooker,2,7,3,1,2,11.0
333,MAY 6,C,Adley Rutschman,0,0,0,1,0,1.0
334,MAY 6,1B,Yandy Diaz,1,1,0,1,1,2.0
335,MAY 6,2B,Nico Hoerner,0,2,0,1,0,4.0
337,MAY 6,SS,Jeremy Pena,1,5,1,0,1,6.0
338,MAY 6,OF,Byron Buxton,0,0,0,1,1,0.0
339,MAY 6,OF,Joey Meneses,1,1,0,0,1,1.0
340,MAY 6,OF,Jarred Kelenic,0,1,1,0,2,0.0
341,MAY 6,UTIL,Brent Rooker,0,2,1,1,2,2.0
342,MAY 7,C,Adley Rutschman,0,0,0,1,0,1.0
343,MAY 7,1B,Joey Meneses,2,6,4,0,0,12.0
344,MAY 7,2B,Nico Hoerner,1,1,1,0,0,3.0
345,MAY 7,3B,Yandy Diaz,1,1,1,1,2,2.0
346,MAY 7,SS,Jeremy Pena,0,0,0,0,1,-1.0
347,MAY 7,OF,Steven Kwan,1,2,0,0,0,3.0
348,MAY 7,OF,Byron Buxton,0,0,0,0,0,0.0
349,MAY 7,OF,Jarred Kelenic,1,2,0,0,1,2.0
350,MAY 7,UTIL,Brent Rooker,1,0,0,0,2,0.0
351,MAY 8,C,Adley Rutschman,0,0,0,0,3,-3.0
352,MAY 8,1B,Joey Meneses,1,2,1,0,1,3.0
353,MAY 8,2B,Nico Hoerner,0,0,0,0,0,0.0
354,MAY 8,3B,Yandy Diaz,0,1,0,2,0,3.0
355,MAY 8,SS,Jeremy Pena,0,0,0,0,0,0.0
356,MAY 8,OF,Steven Kwan,1,2,0,1,0,4.0
357,MAY 8,OF,Jarred Kelenic,0,0,0,0,2,-2.0
358,MAY 8,OF,Brent Rooker,1,1,0,2,0,4.0
359,MAY 8,UTIL,Anthony Rendon,1,1,1,1,0,4.0
360,MAY 9,C,Adley Rutschman,1,4,2,1,1,7.0
361,MAY 9,1B,Joey Meneses,1,2,0,0,0,3.0
363,MAY 9,3B,Yandy Diaz,0,1,0,0,1,0.0
364,MAY 9,SS,Jeremy Pena,0,1,0,0,1,0.0
365,MAY 9,OF,Steven Kwan,1,2,0,0,1,2.0
366,MAY 9,OF,Byron Buxton,1,0,0,1,1,1.0
367,MAY 9,OF,Jarred Kelenic,0,2,0,0,0,2.0
368,MAY 9,UTIL,Adolis Garcia,0,0,0,0,1,-1.0
369,MAY 10,C,Adley Rutschman,1,1,0,1,0,3.0
370,MAY 10,1B,Joey Meneses,1,2,1,1,0,5.0
372,MAY 10,3B,Yandy Diaz,1,2,0,0,1,2.0
373,MAY 10,SS,Jeremy Pena,0,2,2,1,0,5.0
374,MAY 10,OF,Steven Kwan,0,0,0,0,1,-1.0
375,MAY 10,OF,Jarred Kelenic,0,4,1,0,0,5.0
376,MAY 10,OF,Brent Rooker,0,3,0,0,1,2.0
377,MAY 10,UTIL,Byron Buxton,0,0,0,1,0,1.0
381,MAY 11,3B,Yandy Diaz,0,2,1,0,0,3.0
384,MAY 11,OF,Brent Rooker,0,2,0,0,2,0.0
385,MAY 11,OF,Adolis Garcia,0,0,0,0,2,-2.0
386,MAY 11,UTIL,Byron Buxton,0,0,0,1,1,0.0
387,MAY 12,C,Adley Rutschman,1,3,1,1,0,6.0
388,MAY 12,1B,Joey Meneses,0,1,1,0,1,1.0
390,MAY 12,3B,Anthony Rendon,1,4,0,0,0,5.0
391,MAY 12,SS,Jeremy Pena,0,0,1,1,0,2.0
392,MAY 12,OF,Steven Kwan,1,0,0,1,0,2.0
393,MAY 12,OF,Byron Buxton,0,0,0,1,0,1.0
394,MAY 12,OF,Jarred Kelenic,0,1,1,0,1,1.0
395,MAY 12,UTIL,Brent Rooker,1,6,3,1,0,11.0
396,MAY 13,C,Adley Rutschman,1,5,1,1,1,7.0
397,MAY 13,1B,Joey Meneses,0,1,1,0,0,2.0
398,MAY 13,2B,Taylor Walls,0,1,1,0,2,0.0
399,MAY 13,3B,Anthony Rendon,0,0,1,0,0,1.0
400,MAY 13,SS,Jeremy Pena,0,3,0,0,0,3.0
402,MAY 13,OF,Jarred Kelenic,1,4,2,0,3,4.0
403,MAY 13,OF,Adolis Garcia,0,0,0,0,3,-3.0
404,MAY 13,UTIL,Steven Kwan,2,4,0,1,0,8.0
405,MAY 14,C,Adley Rutschman,0,0,0,0,0,0.0
406,MAY 14,1B,Joey Meneses,0,1,0,1,2,0.0
407,MAY 14,2B,Taylor Walls,1,8,4,0,1,13.0
408,MAY 14,3B,Yandy Diaz,1,2,0,0,0,3.0
410,MAY 14,OF,Jarred Kelenic,0,0,0,0,1,-1.0
411,MAY 14,OF,Brent Rooker,0,0,0,1,2,-1.0
412,MAY 14,OF,Adolis Garcia,2,7,5,0,0,14.0
413,MAY 14,UTIL,Steven Kwan,0,1,0,0,1,0.0
414,MAY 15,C,Adley Rutschman,1,1,0,0,1,1.0
415,MAY 15,1B,Joey Meneses,0,7,4,0,1,10.0
418,MAY 15,SS,Jeremy Pena,1,1,1,0,2,1.0
419,MAY 15,OF,Jarred Kelenic,3,2,1,0,0,7.0
420,MAY 15,OF,Brent Rooker,0,0,0,0,1,-1.0
421,MAY 15,OF,Adolis Garcia,0,0,0,0,2,-2.0
422,MAY 15,UTIL,Byron Buxton,1,3,1,0,2,3.0
423,MAY 16,C,Adley Rutschman,0,1,0,0,2,-1.0
424,MAY 16,1B,Joey Meneses,0,0,0,1,0,1.0
425,MAY 16,2B,Taylor Walls,0,0,0,0,0,0.0
427,MAY 16,SS,Jeremy Pena,0,1,0,0,1,0.0
428,MAY 16,OF,Steven Kwan,1,2,2,0,0,5.0
429,MAY 16,OF,Jarred Kelenic,0,0,0,0,3,-3.0
430,MAY 16,OF,Brent Rooker,2,2,1,2,0,7.0
431,MAY 16,UTIL,Adolis Garcia,2,4,2,1,1,8.0
432,MAY 17,C,Adley Rutschman,0,2,0,0,0,2.0
434,MAY 17,2B,Taylor Walls,1,1,0,0,4,0.0
436,MAY 17,SS,Jeremy Pena,2,5,0,0,0,7.0
437,MAY 17,OF,Steven Kwan,1,2,0,2,0,5.0
438,MAY 17,OF,Jarred Kelenic,0,2,0,1,1,2.0
439,MAY 17,OF,Brent Rooker,0,0,0,0,2,-2.0
440,MAY 17,UTIL,Adolis Garcia,2,8,2,0,1,11.0
441,MAY 18,C,Adley Rutschman,1,4,2,2,0,9.0
442,MAY 18,1B,Miguel Vargas,1,2,0,0,0,3.0
443,MAY 18,2B,Taylor Walls,0,0,0,0,2,-2.0
446,MAY 18,OF,Steven Kwan,0,0,0,0,0,0.0
450,MAY 19,C,Adley Rutschman,1,0,0,2,1,2.0
451,MAY 19,1B,Miguel Vargas,1,3,0,0,0,4.0
454,MAY 19,SS,Jeremy Pena,0,0,0,0,2,-2.0
455,MAY 19,OF,Steven Kwan,1,0,0,1,0,2.0
456,MAY 19,OF,Jarred Kelenic,1,1,0,1,0,3.0
457,MAY 19,OF,Brent Rooker,0,0,0,0,4,-4.0
458,MAY 19,UTIL,Adolis Garcia,2,4,2,0,2,6.0
459,MAY 20,C,Adley Rutschman,0,1,0,1,0,2.0
460,MAY 20,1B,Joey Meneses,0,0,0,0,2,-2.0
461,MAY 20,2B,Nico Hoerner,0,0,0,0,1,-1.0
462,MAY 20,3B,Yandy Diaz,1,6,3,0,0,10.0
463,MAY 20,SS,Jeremy Pena,0,1,0,0,0,1.0
465,MAY 20,OF,Jarred Kelenic,2,2,0,0,1,3.0
466,MAY 20,OF,Brent Rooker,0,2,1,0,0,3.0
467,MAY 20,UTIL,Adolis Garcia,2,1,1,0,0,4.0
468,MAY 21,C,Adley Rutschman,0,0,1,1,1,1.0
469,MAY 21,1B,Joey Meneses,1,3,1,0,1,4.0
470,MAY 21,2B,Nico Hoerner,0,0,0,1,0,1.0
471,MAY 21,3B,Yandy Diaz,0,2,0,0,1,1.0
472,MAY 21,SS,Jeremy Pena,0,0,0,0,1,-1.0
473,MAY 21,OF,Steven Kwan,1,3,0,0,1,3.0
474,MAY 21,OF,Jarred Kelenic,1,4,1,0,3,3.0
475,MAY 21,OF,Brent Rooker,0,0,0,0,1,-1.0
476,MAY 21,UTIL,Adolis Garcia,1,0,0,2,0,3.0
480,MAY 22,3B,Yandy Diaz,1,0,0,1,1,1.0
481,MAY 22,SS,Jeremy Pena,0,0,0,0,2,-2.0
482,MAY 22,OF,Steven Kwan,0,2,0,1,1,2.0
483,MAY 22,OF,Jarred Kelenic,2,6,3,1,1,11.0
484,MAY 22,OF,Brent Rooker,0,0,1,0,2,-1.0
485,MAY 22,UTIL,Adolis Garcia,0,0,0,0,1,-1.0
486,MAY 23,C,Adley Rutschman,0,1,0,1,0,2.0
487,MAY 23,1B,Joey Meneses,0,2,1,0,1,2.0
488,MAY 23,2B,Christopher Morel,2,4,1,1,1,7.0
490,MAY 23,SS,Nico Hoerner,0,1,0,0,0,1.0
491,MAY 23,OF,Steven Kwan,0,0,0,0,0,0.0
492,MAY 23,OF,Jarred Kelenic,0,1,0,0,1,0.0
493,MAY 23,OF,Brent Rooker,0,0,0,1,2,-1.0
494,MAY 23,UTIL,Adolis Garcia,1,4,0,0,0,5.0
495,MAY 24,C,Adley Rutschman,1,1,0,1,0,3.0
496,MAY 24,1B,Joey Meneses,0,1,0,1,0,2.0
497,MAY 24,2B,Christopher Morel,0,1,0,0,2,-1.0
499,MAY 24,SS,Nico Hoerner,2,4,1,1,2,6.0
500,MAY 24,OF,Steven Kwan,0,0,0,1,2,-1.0
501,MAY 24,OF,Jarred Kelenic,0,0,0,0,3,-3.0
502,MAY 24,OF,Brent Rooker,0,1,0,0,0,1.0
503,MAY 24,UTIL,Adolis Garcia,1,1,0,0,0,2.0
504,MAY 25,C,Adley Rutschman,0,0,0,0,1,-1.0
505,MAY 25,1B,Joey Meneses,1,2,1,0,1,3.0
506,MAY 25,2B,Christopher Morel,0,0,0,0,1,-1.0
508,MAY 25,SS,Nico Hoerner,0,1,0,1,0,2.0
510,MAY 25,OF,Jarred Kelenic,0,0,0,1,1,0.0
511,MAY 25,OF,Brent Rooker,0,0,0,0,2,-2.0
513,MAY 26,C,Adley Rutschman,1,6,1,1,0,9.0
514,MAY 26,1B,Joey Meneses,2,4,3,1,0,10.0
515,MAY 26,2B,Christopher Morel,0,1,0,0,1,0.0
516,MAY 26,3B,Yandy Diaz,2,8,2,1,0,13.0
517,MAY 26,SS,Nico Hoerner,0,0,0,0,0,0.0
518,MAY 26,OF,Steven Kwan,1,1,1,0,1,2.0
519,MAY 26,OF,Jarred Kelenic,0,0,0,0,3,-3.0
520,MAY 26,OF,Brent Rooker,1,1,0,0,2,0.0
521,MAY 26,UTIL,Adolis Garcia,0,0,0,0,2,-2.0
522,MAY 27,C,Adley Rutschman,0,0,0,0,0,0.0
523,MAY 27,1B,Joey Meneses,0,0,0,1,1,0.0
524,MAY 27,2B,Christopher Morel,0,0,0,1,1,0.0
525,MAY 27,3B,Yandy Diaz,0,0,0,1,1,0.0
526,MAY 27,SS,Nico Hoerner,1,2,1,1,0,5.0
527,MAY 27,OF,Steven Kwan,1,1,0,1,0,3.0
528,MAY 27,OF,Jarred Kelenic,0,2,0,0,2,0.0
529,MAY 27,OF,Brent Rooker,1,2,0,1,2,2.0
530,MAY 27,UTIL,Adolis Garcia,1,1,0,1,2,1.0
531,MAY 28,C,Adley Rutschman,1,2,0,0,0,3.0
532,MAY 28,1B,Joey Meneses,0,0,0,2,0,2.0
533,MAY 28,2B,Christopher Morel,0,0,0,0,2,-2.0
534,MAY 28,3B,Yandy Diaz,0,2,1,0,0,3.0
535,MAY 28,SS,Nico Hoerner,0,0,0,0,1,-1.0
536,MAY 28,OF,Steven Kwan,2,3,1,1,1,6.0
537,MAY 28,OF,Jarred Kelenic,1,2,1,2,1,5.0
538,MAY 28,OF,Brent Rooker,0,0,0,0,1,-1.0
539,MAY 28,UTIL,Adolis Garcia,0,1,0,0,1,0.0
541,MAY 29,1B,Joey Meneses,1,1,0,0,1,1.0
543,MAY 29,3B,Yandy Diaz,0,0,0,0,1,-1.0
544,MAY 29,SS,Nico Hoerner,0,1,0,0,1,0.0
545,MAY 29,OF,Steven Kwan,1,3,1,0,1,4.0
546,MAY 29,OF,Jarred Kelenic,1,2,0,0,1,3.0
547,MAY 29,OF,Zach McKinstry,0,1,0,1,1,1.0
548,MAY 29,UTIL,Adolis Garcia,0,0,0,0,2,-2.0
549,MAY 30,C,Adley Rutschman,2,1,1,2,0,6.0
550,MAY 30,1B,Joey Meneses,0,1,1,0,0,2.0
551,MAY 30,2B,Christopher Morel,0,0,0,0,2,-2.0
553,MAY 30,SS,Nico Hoerner,1,4,1,0,1,5.0
554,MAY 30,OF,Steven Kwan,0,0,0,0,2,-2.0
556,MAY 30,OF,Zach McKinstry,0,0,0,0,1,-1.0
557,MAY 30,UTIL,Adolis Garcia,3,4,0,0,1,7.0
558,MAY 31,C,Adley Rutschman,1,4,1,0,0,6.0
559,MAY 31,1B,Joey Meneses,2,4,0,0,0,6.0
560,MAY 31,2B,Christopher Morel,0,0,0,0,1,-1.0
561,MAY 31,3B,Yandy Diaz,0,0,0,0,1,-1.0
562,MAY 31,SS,Nico Hoerner,1,1,0,1,1,4.0
563,MAY 31,OF,Steven Kwan,3,3,0,0,1,6.0
564,MAY 31,OF,Jarred Kelenic,0,0,0,0,3,-3.0
565,MAY 31,OF,Zach McKinstry,1,1,0,0,1,1.0
566,MAY 31,UTIL,Adolis Garcia,0,2,0,0,3,-1.0
572,JUNE 1,OF,Steven Kwan,1,1,0,0,1,1.0
575,JUNE 1,UTIL,Francisco Alvarez,0,0,0,0,1,-1.0
576,JUNE 2,C,Adley Rutschman,0,0,0,0,1,-1.0
577,JUNE 2,1B,Joey Meneses,0,2,1,1,0,4.0
578,JUNE 2,2B,Christopher Morel,0,0,0,1,1,0.0
580,JUNE 2,SS,Nico Hoerner,1,1,0,1,0,3.0
581,JUNE 2,OF,Steven Kwan,0,2,0,0,0,2.0
582,JUNE 2,OF,Jarred Kelenic,0,0,0,1,0,1.0
583,JUNE 2,OF,Adolis Garcia,0,1,0,0,0,1.0
584,JUNE 2,UTIL,Francisco Alvarez,0,0,0,0,0,0.0
585,JUNE 3,C,Adley Rutschman,0,1,0,0,2,-1.0
586,JUNE 3,1B,Joey Meneses,1,1,0,1,1,2.0
587,JUNE 3,2B,Ryan McMahon,1,2,1,0,1,3.0
588,JUNE 3,3B,Yandy Diaz,1,5,3,0,0,9.0
589,JUNE 3,SS,Nico Hoerner,0,0,0,1,0,1.0
590,JUNE 3,OF,Steven Kwan,1,5,1,0,0,7.0
591,JUNE 3,OF,Jarred Kelenic,0,1,1,2,2,2.0
592,JUNE 3,OF,Adolis Garcia,1,1,1,1,1,3.0
593,JUNE 3,UTIL,Francisco Alvarez,0,0,0,0,0,0.0
594,JUNE 4,C,Adley Rutschman,1,3,0,0,1,3.0
595,JUNE 4,1B,Joey Meneses,1,3,0,0,1,3.0
596,JUNE 4,2B,Ryan McMahon,0,0,0,0,3,-3.0
597,JUNE 4,3B,Yandy Diaz,1,2,1,0,2,2.0
598,JUNE 4,SS,Nico Hoerner,1,3,0,0,0,4.0
599,JUNE 4,OF,Steven Kwan,0,0,0,0,1,-1.0
600,JUNE 4,OF,Jarred Kelenic,0,0,0,0,3,-3.0
601,JUNE 4,OF,Adolis Garcia,1,3,1,0,1,4.0
602,JUNE 4,UTIL,Francisco Alvarez,0,0,0,0,1,-1.0
606,JUNE 5,3B,Yandy Diaz,1,2,0,1,1,3.0
607,JUNE 5,SS,Nico Hoerner,0,1,0,1,0,2.0
610,JUNE 5,OF,Adolis Garcia,0,1,0,0,2,-1.0
612,JUNE 6,C,Adley Rutschman,0,1,0,1,1,1.0
613,JUNE 6,1B,Joey Meneses,1,0,0,1,0,2.0
614,JUNE 6,2B,Ryan McMahon,0,4,1,0,1,4.0
615,JUNE 6,3B,Yandy Diaz,1,1,0,1,1,2.0
616,JUNE 6,SS,Nico Hoerner,0,2,0,0,0,2.0
617,JUNE 6,OF,Steven Kwan,1,1,0,0,1,1.0
618,JUNE 6,OF,Jarred Kelenic,0,0,0,0,3,-3.0
619,JUNE 6,OF,Adolis Garcia,1,7,1,0,0,9.0
620,JUNE 6,UTIL,Francisco Alvarez,0,0,0,0,0,0.0
621,JUNE 7,C,Francisco Alvarez,1,4,1,0,1,5.0
623,JUNE 7,2B,Ryan McMahon,0,0,0,0,1,-1.0
624,JUNE 7,3B,Anthony Rendon,0,0,0,0,1,-1.0
625,JUNE 7,SS,Nico Hoerner,0,0,0,0,0,0.0
626,JUNE 7,OF,Steven Kwan,1,0,0,1,2,0.0
627,JUNE 7,OF,Joey Meneses,0,2,0,1,0,3.0
628,JUNE 7,OF,Jarred Kelenic,0,3,0,0,1,2.0
629,JUNE 7,UTIL,Adley Rutschman,0,0,0,1,1,0.0
630,JUNE 8,C,Francisco Alvarez,2,8,3,1,3,11.0
632,JUNE 8,2B,Ryan McMahon,1,1,1,1,1,3.0
634,JUNE 8,SS,Nico Hoerner,0,0,0,0,1,-1.0
635,JUNE 8,OF,Steven Kwan,2,1,0,1,0,4.0
638,JUNE 8,UTIL,Adley Rutschman,1,2,0,0,1,2.0
639,JUNE 9,C,Francisco Alvarez,1,1,1,0,1,2.0
640,JUNE 9,1B,Yandy Diaz,0,1,0,0,2,-1.0
641,JUNE 9,2B,Orlando Arcia,0,1,2,0,1,2.0
642,JUNE 9,3B,Anthony Rendon,2,2,0,0,0,4.0
643,JUNE 9,SS,Nico Hoerner,0,2,2,0,0,4.0
644,JUNE 9,OF,Steven Kwan,1,3,2,0,2,4.0
645,JUNE 9,OF,Joey Meneses,0,2,1,0,1,2.0
646,JUNE 9,OF,Jarred Kelenic,1,4,2,1,1,7.0
647,JUNE 9,UTIL,Adley Rutschman,0,0,0,0,1,-1.0
648,JUNE 10,C,Francisco Alvarez,1,4,1,0,0,6.0
649,JUNE 10,1B,Yandy Diaz,0,0,0,1,1,0.0
650,JUNE 10,2B,Orlando Arcia,0,0,0,0,3,-3.0
651,JUNE 10,3B,Anthony Rendon,0,0,0,0,1,-1.0
652,JUNE 10,SS,Nico Hoerner,0,0,0,0,2,-2.0
653,JUNE 10,OF,Steven Kwan,2,1,0,2,0,6.0
654,JUNE 10,OF,Joey Meneses,0,2,0,0,0,2.0
655,JUNE 10,OF,Jarred Kelenic,0,2,0,0,2,0.0
656,JUNE 10,UTIL,Adley Rutschman,1,0,0,1,1,1.0
657,JUNE 11,C,Francisco Alvarez,0,0,0,0,1,-1.0
658,JUNE 11,1B,Yandy Diaz,2,2,0,0,1,3.0
659,JUNE 11,2B,Orlando Arcia,0,2,0,1,0,3.0
661,JUNE 11,SS,Nico Hoerner,0,2,1,0,2,1.0
662,JUNE 11,OF,Joey Meneses,1,1,1,0,0,3.0
663,JUNE 11,OF,Jarred Kelenic,0,0,0,1,1,0.0
664,JUNE 11,OF,Adolis Garcia,0,0,0,1,1,0.0
667,JUNE 12,1B,Yandy Diaz,0,0,0,1,1,0.0
668,JUNE 12,2B,Orlando Arcia,1,1,0,0,1,1.0
669,JUNE 12,3B,Anthony Rendon,0,0,0,1,0,1.0
673,JUNE 12,OF,Adolis Garcia,0,2,0,1,2,2.0
675,JUNE 13,C,Francisco Alvarez,1,0,0,1,1,1.0
676,JUNE 13,1B,Yandy Diaz,0,0,0,0,0,0.0
678,JUNE 13,3B,Anthony Rendon,1,0,0,0,1,0.0
679,JUNE 13,SS,Nico Hoerner,3,1,0,1,0,6.0
680,JUNE 13,OF,Steven Kwan,0,1,1,0,1,1.0
681,JUNE 13,OF,Joey Meneses,0,0,0,0,2,-2.0
682,JUNE 13,OF,Jarred Kelenic,2,1,0,1,0,5.0
683,JUNE 13,UTIL,Adley Rutschman,0,4,0,0,0,4.0
684,JUNE 14,C,Francisco Alvarez,1,1,0,0,2,0.0
685,JUNE 14,1B,Yandy Diaz,1,4,2,1,1,7.0
686,JUNE 14,2B,Orlando Arcia,2,4,4,0,1,9.0
687,JUNE 14,3B,Anthony Rendon,0,2,1,0,1,2.0
688,JUNE 14,SS,Nico Hoerner,1,1,0,0,1,1.0
689,JUNE 14,OF,Steven Kwan,0,0,0,0,0,0.0
690,JUNE 14,OF,Joey Meneses,1,0,0,0,1,0.0
691,JUNE 14,OF,Jarred Kelenic,0,0,0,0,3,-3.0
692,JUNE 14,UTIL,Adley Rutschman,0,1,0,0,0,1.0
693,JUNE 15,C,Adley Rutschman,1,6,1,0,1,7.0
695,JUNE 15,2B,Orlando Arcia,2,0,0,2,1,3.0
696,JUNE 15,3B,Anthony Rendon,0,0,0,0,3,-3.0
697,JUNE 15,SS,Nico Hoerner,2,2,0,1,0,6.0
698,JUNE 15,OF,Steven Kwan,0,0,0,0,0,0.0
702,JUNE 16,C,Adley Rutschman,1,1,0,0,0,2.0
703,JUNE 16,1B,Joey Meneses,0,1,2,0,1,2.0
704,JUNE 16,2B,Orlando Arcia,1,1,0,1,0,3.0
705,JUNE 16,3B,Yandy Diaz,1,0,0,0,1,0.0
706,JUNE 16,SS,Nico Hoerner,1,2,2,0,0,5.0
707,JUNE 16,OF,Steven Kwan,0,1,0,0,1,0.0
708,JUNE 16,OF,Jarred Kelenic,0,1,0,2,1,2.0
711,JUNE 17,C,Francisco Alvarez,0,1,0,0,0,1.0
712,JUNE 17,1B,Joey Meneses,0,1,1,0,1,1.0
713,JUNE 17,2B,Orlando Arcia,2,7,2,0,0,12.0
714,JUNE 17,3B,Yandy Diaz,0,2,0,1,2,1.0
715,JUNE 17,SS,Nico Hoerner,0,4,2,0,1,5.0
716,JUNE 17,OF,Steven Kwan,1,4,0,0,0,6.0
717,JUNE 17,OF,Jarred Kelenic,0,0,0,0,2,-2.0
720,JUNE 18,C,Francisco Alvarez,0,0,0,0,0,0.0
721,JUNE 18,1B,Joey Meneses,0,3,0,0,0,3.0
722,JUNE 18,2B,Orlando Arcia,1,2,0,0,2,1.0
723,JUNE 18,3B,Yandy Diaz,0,1,0,0,0,1.0
724,JUNE 18,SS,Nico Hoerner,0,0,0,0,0,0.0
725,JUNE 18,OF,Steven Kwan,4,3,3,0,0,10.0
726,JUNE 18,OF,Jarred Kelenic,0,3,3,0,2,4.0
729,JUNE 19,C,Francisco Alvarez,1,1,0,1,1,2.0
730,JUNE 19,1B,Joey Meneses,1,2,0,0,2,1.0
733,JUNE 19,SS,Nico Hoerner,0,1,2,0,1,2.0
737,JUNE 19,UTIL,Lourdes Gurriel Jr.,0,1,2,0,1,2.0
738,JUNE 20,C,Adley Rutschman,1,0,0,2,1,2.0
739,JUNE 20,1B,Joey Meneses,0,0,0,0,1,-1.0
740,JUNE 20,2B,Orlando Arcia,1,1,0,1,1,2.0
741,JUNE 20,3B,Yandy Diaz,1,1,1,0,2,1.0
742,JUNE 20,SS,Nico Hoerner,1,3,0,0,0,4.0
743,JUNE 20,OF,Steven Kwan,0,2,0,0,0,2.0
745,JUNE 20,OF,Ezequiel Duran,0,0,0,0,2,-2.0
746,JUNE 20,UTIL,Lourdes Gurriel Jr.,0,0,0,0,1,-1.0
747,JUNE 21,C,Adley Rutschman,0,0,0,0,2,-2.0
748,JUNE 21,1B,Joey Meneses,0,0,0,1,0,1.0
750,JUNE 21,3B,Yandy Diaz,1,2,1,1,0,5.0
751,JUNE 21,SS,Nico Hoerner,2,7,3,0,2,10.0
752,JUNE 21,OF,Steven Kwan,1,3,1,0,2,3.0
753,JUNE 21,OF,Jarred Kelenic,0,1,1,0,1,1.0
755,JUNE 21,UTIL,Ezequiel Duran,1,5,2,0,1,8.0
758,JUNE 22,2B,Orlando Arcia,0,0,0,0,2,-2.0
759,JUNE 22,3B,Yandy Diaz,2,3,0,0,0,5.0
761,JUNE 22,OF,Steven Kwan,1,1,0,1,0,3.0
762,JUNE 22,OF,Jarred Kelenic,0,0,0,0,3,-3.0
763,JUNE 22,OF,Esteury Ruiz,0,0,0,0,1,-1.0
765,JUNE 23,C,Adley Rutschman,0,0,0,0,1,-1.0
766,JUNE 23,1B,Joey Meneses,0,1,1,0,0,2.0
769,JUNE 23,SS,Orlando Arcia,0,2,1,0,2,1.0
770,JUNE 23,OF,Steven Kwan,0,1,0,0,1,0.0
771,JUNE 23,OF,Jarred Kelenic,1,1,1,1,3,1.0
773,JUNE 23,UTIL,Ezequiel Duran,1,2,0,0,1,2.0
774,JUNE 24,C,Adley Rutschman,0,0,0,1,2,-1.0
775,JUNE 24,1B,Joey Meneses,0,1,0,0,1,0.0
776,JUNE 24,2B,Nico Hoerner,1,2,0,0,0,3.0
777,JUNE 24,3B,Yandy Diaz,1,0,0,1,0,2.0
778,JUNE 24,SS,Orlando Arcia,0,0,0,0,2,-2.0
779,JUNE 24,OF,Steven Kwan,1,1,0,0,0,3.0
781,JUNE 24,OF,Esteury Ruiz,0,0,0,0,2,-2.0
782,JUNE 24,UTIL,Ezequiel Duran,0,0,0,0,1,-1.0
784,JUNE 25,1B,Joey Meneses,0,3,3,0,1,5.0
785,JUNE 25,2B,Nico Hoerner,1,2,1,0,0,5.0
786,JUNE 25,3B,Yandy Diaz,1,4,0,0,0,5.0
787,JUNE 25,SS,Orlando Arcia,0,1,0,0,0,1.0
788,JUNE 25,OF,Steven Kwan,0,0,0,0,1,-1.0
789,JUNE 25,OF,Jarred Kelenic,0,0,0,1,0,1.0
791,JUNE 25,UTIL,Ezequiel Duran,1,4,0,0,0,5.0
792,JUNE 26,C,Adley Rutschman,0,2,2,1,0,5.0
793,JUNE 26,1B,Joey Meneses,0,2,0,0,2,0.0
796,JUNE 26,SS,Orlando Arcia,0,0,0,0,1,-1.0
798,JUNE 26,OF,Jarred Kelenic,2,1,0,1,2,3.0
800,JUNE 26,UTIL,Ezequiel Duran,0,3,0,0,1,2.0
801,JUNE 27,C,Adley Rutschman,0,0,0,1,1,0.0
802,JUNE 27,1B,Yandy Diaz,0,1,0,0,0,1.0
803,JUNE 27,2B,Nico Hoerner,0,1,1,0,0,2.0
804,JUNE 27,3B,Ezequiel Duran,1,5,1,0,2,5.0
805,JUNE 27,SS,Orlando Arcia,0,0,0,0,0,0.0
806,JUNE 27,OF,Steven Kwan,0,0,0,1,1,0.0
807,JUNE 27,OF,Jarred Kelenic,1,0,0,2,3,0.0
810,JUNE 28,C,Adley Rutschman,0,2,0,0,0,2.0
811,JUNE 28,1B,Yandy Diaz,1,4,0,0,0,5.0
812,JUNE 28,2B,Nico Hoerner,0,1,0,1,0,2.0
813,JUNE 28,3B,Ezequiel Duran,1,5,2,1,2,7.0
814,JUNE 28,SS,Orlando Arcia,0,0,0,0,0,0.0
815,JUNE 28,OF,Steven Kwan,2,2,0,1,1,4.0
817,JUNE 28,OF,TJ Friedl,3,6,3,1,0,15.0
820,JUNE 29,1B,Yandy Diaz,1,0,0,2,1,2.0
821,JUNE 29,2B,Nico Hoerner,0,3,0,0,1,2.0
822,JUNE 29,3B,Ezequiel Duran,2,5,1,0,0,8.0
823,JUNE 29,SS,Xander Bogaerts,0,1,0,1,0,2.0
824,JUNE 29,OF,Steven Kwan,1,2,0,0,0,3.0
828,JUNE 30,C,Adley Rutschman,1,4,1,0,0,6.0
829,JUNE 30,1B,Yandy Diaz,1,1,1,0,2,1.0
830,JUNE 30,2B,Nico Hoerner,1,3,2,0,0,7.0
831,JUNE 30,3B,Ezequiel Duran,0,0,0,0,2,-2.0
832,JUNE 30,SS,Xander Bogaerts,2,1,0,0,2,1.0
835,JUNE 30,OF,TJ Friedl,0,0,0,0,1,-1.0
837,JULY 1,C,Adley Rutschman,0,1,0,0,0,1.0
838,JULY 1,1B,Yandy Diaz,1,3,0,0,1,3.0
839,JULY 1,2B,Nico Hoerner,0,0,0,0,1,-1.0
840,JULY 1,3B,Ezequiel Duran,0,0,0,0,2,-2.0
841,JULY 1,SS,Xander Bogaerts,0,0,0,1,0,1.0
842,JULY 1,OF,Steven Kwan,1,2,0,1,0,4.0
844,JULY 1,OF,TJ Friedl,0,0,0,0,2,-2.0
845,JULY 1,UTIL,Anthony Rendon,1,4,1,0,1,5.0
846,JULY 2,C,Adley Rutschman,1,1,0,0,2,0.0
847,JULY 2,1B,Yandy Diaz,0,0,0,0,1,-1.0
848,JULY 2,2B,Nico Hoerner,1,0,0,0,0,1.0
849,JULY 2,3B,Ezequiel Duran,0,0,0,0,4,-4.0
850,JULY 2,SS,Xander Bogaerts,0,0,0,0,3,-3.0
853,JULY 2,OF,TJ Friedl,0,3,0,0,0,3.0
854,JULY 2,UTIL,Anthony Rendon,0,0,0,1,0,1.0
855,JULY 3,C,Adley Rutschman,1,4,1,0,0,6.0
857,JULY 3,2B,Nico Hoerner,0,2,0,0,1,1.0
859,JULY 3,SS,Xander Bogaerts,2,7,3,1,0,13.0
860,JULY 3,OF,Steven Kwan,1,4,0,0,1,4.0
862,JULY 3,OF,TJ Friedl,0,1,0,1,0,2.0
863,JULY 3,UTIL,Anthony Rendon,0,1,0,2,1,2.0
864,JULY 4,C,Adley Rutschman,0,1,0,0,2,-1.0
865,JULY 4,1B,Yandy Diaz,0,0,0,0,0,0.0
866,JULY 4,2B,Nico Hoerner,0,2,1,0,1,2.0
867,JULY 4,3B,Ezequiel Duran,1,1,0,0,1,1.0
868,JULY 4,SS,Xander Bogaerts,2,5,3,1,0,11.0
869,JULY 4,OF,Steven Kwan,2,2,1,0,1,5.0
870,JULY 4,OF,TJ Friedl,0,1,0,0,2,0.0
872,JULY 4,UTIL,Anthony Rendon,0,0,0,0,2,-2.0
873,JULY 5,C,Adley Rutschman,1,3,0,0,1,3.0
874,JULY 5,1B,Yandy Diaz,1,0,0,1,1,1.0
875,JULY 5,2B,Nico Hoerner,0,0,0,0,1,-1.0
877,JULY 5,SS,Xander Bogaerts,0,0,1,1,2,0.0
878,JULY 5,OF,Steven Kwan,1,3,0,0,0,4.0
879,JULY 5,OF,TJ Friedl,0,2,1,0,0,4.0
880,JULY 5,OF,Travis Jankowski,0,1,0,0,1,0.0
881,JULY 5,UTIL,Matt McLain,0,1,1,0,1,1.0
882,JULY 6,C,Adley Rutschman,2,1,1,2,1,5.0
883,JULY 6,1B,Yandy Diaz,0,1,0,2,0,3.0
884,JULY 6,2B,Nico Hoerner,0,0,0,0,2,-1.0
885,JULY 6,3B,Ezequiel Duran,1,3,0,0,1,3.0
887,JULY 6,OF,Steven Kwan,0,0,0,0,0,0.0
888,JULY 6,OF,TJ Friedl,1,0,0,2,0,3.0
890,JULY 6,UTIL,Matt McLain,0,0,0,0,2,-2.0
891,JULY 7,C,Adley Rutschman,0,0,0,0,0,0.0
892,JULY 7,1B,Yandy Diaz,0,3,0,0,0,3.0
893,JULY 7,2B,Nico Hoerner,0,2,1,0,0,3.0
894,JULY 7,3B,Ezequiel Duran,0,2,1,0,1,2.0
895,JULY 7,SS,Xander Bogaerts,0,0,0,1,1,0.0
896,JULY 7,OF,Steven Kwan,0,0,0,0,1,-1.0
897,JULY 7,OF,TJ Friedl,0,0,0,1,1,0.0
898,JULY 7,OF,Travis Jankowski,1,1,0,0,0,3.0
899,JULY 7,UTIL,Matt McLain,0,1,0,0,1,0.0
900,JULY 8,C,Adley Rutschman,0,0,0,0,3,-3.0
901,JULY 8,1B,Yandy Diaz,0,2,0,0,2,0.0
902,JULY 8,2B,Nico Hoerner,0,0,1,0,1,0.0
903,JULY 8,3B,Ezequiel Duran,0,1,0,0,0,1.0
904,JULY 8,SS,Xander Bogaerts,0,0,0,0,2,-2.0
905,JULY 8,OF,Steven Kwan,0,2,1,1,0,4.0
906,JULY 8,OF,TJ Friedl,2,2,0,0,0,4.0
907,JULY 8,OF,Travis Jankowski,0,1,0,0,0,1.0
908,JULY 8,UTIL,Matt McLain,1,3,0,0,2,4.0
909,JULY 9,C,Adley Rutschman,2,5,2,1,2,8.0
910,JULY 9,1B,Yandy Diaz,2,7,4,0,1,12.0
911,JULY 9,2B,Nico Hoerner,1,0,0,1,2,0.0
912,JULY 9,3B,Ezequiel Duran,0,1,0,0,1,0.0
913,JULY 9,SS,Xander Bogaerts,0,1,0,0,1,0.0
914,JULY 9,OF,Steven Kwan,0,0,0,0,0,0.0
915,JULY 9,OF,TJ Friedl,0,0,0,1,1,0.0
917,JULY 9,UTIL,Matt McLain,0,2,0,0,2,0.0
954,JULY 14,C,Adley Rutschman,0,1,0,0,0,1.0
956,JULY 14,2B,Nico Hoerner,0,1,0,0,1,0.0
957,JULY 14,3B,Ezequiel Duran,0,0,0,0,2,-2.0
958,JULY 14,SS,Xander Bogaerts,0,2,0,0,1,1.0
959,JULY 14,OF,Steven Kwan,0,1,0,1,0,2.0
960,JULY 14,OF,TJ Friedl,0,1,0,0,2,-1.0
961,JULY 14,OF,Travis Jankowski,0,2,1,1,0,5.0
962,JULY 14,UTIL,Matt McLain,0,0,0,1,2,-1.0
963,JULY 15,C,Adley Rutschman,1,3,0,0,0,4.0
964,JULY 15,1B,Isaac Paredes,0,0,0,0,1,-1.0
965,JULY 15,2B,Nico Hoerner,1,1,1,0,2,2.0
967,JULY 15,SS,Xander Bogaerts,0,4,0,0,0,5.0
968,JULY 15,OF,Steven Kwan,0,1,0,0,0,1.0
969,JULY 15,OF,TJ Friedl,0,0,0,0,2,-2.0
970,JULY 15,OF,Travis Jankowski,0,1,0,0,1,1.0
971,JULY 15,UTIL,Matt McLain,0,0,0,0,3,-3.0
972,JULY 16,C,Adley Rutschman,1,2,1,0,1,3.0
973,JULY 16,1B,Isaac Paredes,1,4,1,0,1,5.0
974,JULY 16,2B,Nico Hoerner,0,3,2,1,2,4.0
975,JULY 16,3B,Ezequiel Duran,0,0,0,0,2,-2.0
976,JULY 16,SS,Xander Bogaerts,1,4,1,1,1,6.0
977,JULY 16,OF,Steven Kwan,1,8,3,0,0,12.0
978,JULY 16,OF,TJ Friedl,0,0,0,0,1,-1.0
979,JULY 16,OF,Travis Jankowski,0,1,0,0,0,1.0
980,JULY 16,UTIL,Matt McLain,1,4,0,0,1,4.0
981,JULY 17,C,Adley Rutschman,1,4,1,1,1,6.0
982,JULY 17,1B,Isaac Paredes,0,0,0,0,1,-1.0
983,JULY 17,2B,Nico Hoerner,0,0,0,0,3,-3.0
984,JULY 17,3B,Ezequiel Duran,1,4,2,0,1,6.0
985,JULY 17,SS,Matt McLain,1,4,1,0,1,5.0
986,JULY 17,OF,Steven Kwan,2,1,1,1,0,5.0
987,JULY 17,OF,TJ Friedl,0,0,0,0,0,0.0
989,JULY 17,UTIL,Yandy Diaz,1,1,0,0,1,1.0
990,JULY 18,C,Adley Rutschman,0,2,0,0,1,1.0
991,JULY 18,1B,Yandy Diaz,0,0,0,1,0,1.0
992,JULY 18,2B,Nico Hoerner,2,3,2,0,0,7.0
993,JULY 18,3B,Ezequiel Duran,0,0,0,1,2,-1.0
994,JULY 18,SS,Matt McLain,3,2,0,1,0,6.0
995,JULY 18,OF,Steven Kwan,2,4,0,0,0,6.0
996,JULY 18,OF,TJ Friedl,1,1,0,0,3,-1.0
997,JULY 18,OF,Travis Jankowski,0,3,1,0,0,4.0
998,JULY 18,UTIL,Xander Bogaerts,0,0,0,1,0,1.0
1000,JULY 19,1B,Yandy Diaz,0,2,0,0,2,0.0
1001,JULY 19,2B,Nico Hoerner,1,5,4,0,1,9.0
1003,JULY 19,SS,Matt McLain,0,0,0,0,0,0.0
1004,JULY 19,OF,Steven Kwan,1,0,0,1,0,3.0
1005,JULY 19,OF,TJ Friedl,0,2,0,0,0,2.0
1006,JULY 19,OF,Travis Jankowski,1,1,0,1,0,4.0
1007,JULY 19,UTIL,Xander Bogaerts,0,1,0,0,1,0.0
1008,JULY 20,C,Adley Rutschman,1,1,1,0,2,1.0
1009,JULY 20,1B,Yandy Diaz,0,2,2,0,3,1.0
1010,JULY 20,2B,Nico Hoerner,0,0,0,2,0,2.0
1014,JULY 20,OF,TJ Friedl,0,1,0,0,1,0.0
1016,JULY 20,UTIL,Xander Bogaerts,0,3,0,0,0,3.0
1017,JULY 21,C,Adley Rutschman,0,0,0,2,0,2.0
1018,JULY 21,1B,Yandy Diaz,0,1,0,1,1,1.0
1019,JULY 21,2B,Nico Hoerner,0,0,0,1,0,1.0
1020,JULY 21,3B,Ezequiel Duran,0,0,0,1,2,-1.0
1021,JULY 21,SS,Matt McLain,2,5,4,1,0,13.0
1022,JULY 21,OF,Steven Kwan,1,3,1,0,1,4.0
1023,JULY 21,OF,Travis Jankowski,0,0,1,0,1,0.0
1024,JULY 21,OF,Jarren Duran,1,2,0,0,0,4.0
1025,JULY 21,UTIL,Xander Bogaerts,1,3,0,0,1,3.0
1026,JULY 22,C,Adley Rutschman,0,0,0,2,0,2.0
1027,JULY 22,1B,Yandy Diaz,0,0,0,1,1,0.0
1028,JULY 22,2B,Nico Hoerner,3,4,0,1,0,9.0
1029,JULY 22,3B,Ezequiel Duran,1,1,0,1,0,3.0
1030,JULY 22,SS,Matt McLain,1,4,1,0,1,5.0
1031,JULY 22,OF,Steven Kwan,0,0,0,0,0,0.0
1032,JULY 22,OF,Travis Jankowski,1,1,0,0,1,1.0
1033,JULY 22,OF,Jarren Duran,2,4,1,1,1,8.0
1034,JULY 22,UTIL,Xander Bogaerts,1,1,0,0,1,1.0
1035,JULY 23,C,Adley Rutschman,0,2,1,0,2,1.0
1036,JULY 23,1B,Yandy Diaz,1,5,2,0,0,8.0
1037,JULY 23,2B,Matt McLain,1,2,0,0,1,2.0
1038,JULY 23,3B,Ezequiel Duran,1,3,1,0,0,5.0
1039,JULY 23,SS,Xander Bogaerts,1,2,0,1,0,4.0
1040,JULY 23,OF,Steven Kwan,1,7,2,0,0,10.0
1041,JULY 23,OF,Travis Jankowski,1,0,0,1,2,1.0
1042,JULY 23,OF,Jarren Duran,0,2,0,0,1,1.0
1043,JULY 23,UTIL,TJ Friedl,1,2,0,0,0,3.0
1046,JULY 24,2B,Matt McLain,0,0,0,1,0,1.0
1047,JULY 24,3B,Ezequiel Duran,0,1,0,1,0,3.0
1048,JULY 24,SS,Xander Bogaerts,0,1,0,1,1,1.0
1049,JULY 24,OF,Steven Kwan,0,0,0,0,1,-1.0
1050,JULY 24,OF,Travis Jankowski,1,2,1,0,1,3.0
1052,JULY 24,UTIL,TJ Friedl,0,0,0,0,0,0.0
1053,JULY 25,C,Adley Rutschman,0,1,0,0,0,1.0
1054,JULY 25,1B,Yandy Diaz,0,2,2,0,0,4.0
1055,JULY 25,2B,Matt McLain,1,2,0,1,0,4.0
1056,JULY 25,3B,Ezequiel Duran,0,0,0,0,0,0.0
1057,JULY 25,SS,Xander Bogaerts,1,1,0,0,2,1.0
1058,JULY 25,OF,Steven Kwan,0,1,0,0,0,1.0
1059,JULY 25,OF,TJ Friedl,1,0,0,0,0,1.0
1060,JULY 25,OF,Travis Jankowski,0,3,0,0,0,3.0
1061,JULY 25,UTIL,Nico Hoerner,2,6,1,0,1,10.0
1062,JULY 26,C,Adley Rutschman,1,4,3,0,2,6.0
1064,JULY 26,2B,Matt McLain,0,0,0,0,4,-4.0
1065,JULY 26,3B,Ezequiel Duran,1,1,0,1,2,1.0
1066,JULY 26,SS,Xander Bogaerts,1,1,0,1,0,3.0
1067,JULY 26,OF,Steven Kwan,0,1,2,2,1,4.0
1068,JULY 26,OF,TJ Friedl,0,3,0,0,1,2.0
1069,JULY 26,OF,Jarren Duran,0,0,0,0,1,-1.0
1070,JULY 26,UTIL,Nico Hoerner,1,2,2,1,0,7.0
1076,JULY 27,OF,Steven Kwan,2,4,0,0,0,6.0
1079,JULY 27,UTIL,Nico Hoerner,1,2,0,0,0,3.0
1080,JULY 28,C,Adley Rutschman,0,1,0,0,1,0.0
1081,JULY 28,1B,Yandy Diaz,0,0,1,0,1,0.0
1082,JULY 28,2B,Matt McLain,1,4,1,1,1,6.0
1083,JULY 28,3B,Ezequiel Duran,0,0,0,0,3,-3.0
1084,JULY 28,SS,Xander Bogaerts,0,0,0,0,1,-1.0
1085,JULY 28,OF,Steven Kwan,0,0,0,1,1,0.0
1086,JULY 28,OF,TJ Friedl,0,0,2,0,0,2.0
1087,JULY 28,OF,Jarren Duran,0,1,0,0,1,0.0
1088,JULY 28,UTIL,Nico Hoerner,0,1,0,0,0,1.0
1089,JULY 29,C,Adley Rutschman,1,0,0,1,0,2.0
1090,JULY 29,1B,Yandy Diaz,0,0,0,0,1,-1.0
1091,JULY 29,2B,Matt McLain,0,1,0,0,3,-2.0
1093,JULY 29,SS,Xander Bogaerts,1,1,0,0,0,2.0
1094,JULY 29,OF,Steven Kwan,0,3,0,0,0,3.0
1095,JULY 29,OF,TJ Friedl,1,1,0,0,0,2.0
1096,JULY 29,OF,Jarren Duran,1,3,0,0,1,3.0
1097,JULY 29,UTIL,Nico Hoerner,0,0,0,0,1,-1.0
1098,JULY 30,C,Adley Rutschman,2,3,1,1,0,7.0
1099,JULY 30,1B,Yandy Diaz,1,3,1,2,0,7.0
1100,JULY 30,2B,Matt McLain,2,4,1,0,1,6.0
1101,JULY 30,3B,Ezequiel Duran,2,1,0,1,1,4.0
1102,JULY 30,SS,Xander Bogaerts,0,2,1,0,0,3.0
1103,JULY 30,OF,Steven Kwan,1,6,1,1,0,9.0
1104,JULY 30,OF,TJ Friedl,1,3,2,0,1,5.0
1106,JULY 30,UTIL,Nico Hoerner,0,0,0,0,0,0.0
1107,JULY 31,C,Adley Rutschman,0,0,0,0,2,-2.0
1108,JULY 31,1B,Yandy Diaz,1,2,0,0,0,3.0
1109,JULY 31,2B,Matt McLain,0,0,0,1,1,0.0
1111,JULY 31,SS,Xander Bogaerts,0,1,0,0,0,1.0
1112,JULY 31,OF,Steven Kwan,0,1,1,1,0,3.0
1113,JULY 31,OF,TJ Friedl,1,0,0,2,1,3.0
1114,JULY 31,OF,Jarren Duran,1,1,0,1,1,4.0
1115,JULY 31,UTIL,Nico Hoerner,1,4,0,1,1,5.0
1116,AUGUST 1,C,Adley Rutschman,2,3,1,1,0,7.0
1117,AUGUST 1,1B,Yandy Diaz,1,4,1,1,1,6.0
1118,AUGUST 1,2B,Matt McLain,1,4,2,0,1,6.0
1119,AUGUST 1,3B,Ezequiel Duran,0,0,0,0,2,-2.0
1120,AUGUST 1,SS,Xander Bogaerts,0,0,0,0,0,0.0
1121,AUGUST 1,OF,Steven Kwan,0,0,0,0,1,-1.0
1122,AUGUST 1,OF,TJ Friedl,0,0,0,0,1,-1.0
1123,AUGUST 1,OF,Travis Jankowski,0,0,0,1,0,1.0
1124,AUGUST 1,UTIL,Nico Hoerner,3,6,1,0,0,11.0
1125,AUGUST 2,C,Adley Rutschman,0,2,1,0,0,3.0
1126,AUGUST 2,1B,Yandy Diaz,1,0,0,1,1,1.0
1127,AUGUST 2,2B,Matt McLain,0,1,0,0,2,-1.0
1128,AUGUST 2,3B,Ezequiel Duran,0,0,0,0,1,-1.0
1129,AUGUST 2,SS,Xander Bogaerts,1,4,0,0,1,5.0
1130,AUGUST 2,OF,Steven Kwan,0,0,0,1,2,-1.0
1131,AUGUST 2,OF,TJ Friedl,1,5,1,0,0,7.0
1132,AUGUST 2,OF,Jarren Duran,1,4,2,0,1,6.0
1133,AUGUST 2,UTIL,Nico Hoerner,2,1,0,0,2,1.0
1134,AUGUST 3,C,Adley Rutschman,0,2,1,0,1,2.0
1136,AUGUST 3,2B,Matt McLain,0,1,0,0,2,0.0
1137,AUGUST 3,3B,Ezequiel Duran,0,1,0,0,0,1.0
1140,AUGUST 3,OF,TJ Friedl,0,0,0,0,1,-1.0
1141,AUGUST 3,OF,Travis Jankowski,0,0,0,2,0,3.0
1142,AUGUST 3,UTIL,Nico Hoerner,2,2,0,0,1,3.0
1143,AUGUST 4,C,Adley Rutschman,0,0,1,1,0,2.0
1144,AUGUST 4,1B,Yandy Diaz,0,1,1,0,1,1.0
1145,AUGUST 4,2B,Matt McLain,1,7,1,0,1,8.0
1146,AUGUST 4,3B,Ezequiel Duran,0,0,0,0,1,-1.0
1147,AUGUST 4,SS,Xander Bogaerts,0,2,0,0,1,1.0
1148,AUGUST 4,OF,Steven Kwan,1,1,0,1,0,4.0
1149,AUGUST 4,OF,TJ Friedl,0,0,0,0,0,2.0
1150,AUGUST 4,OF,Jarren Duran,1,6,2,0,0,9.0
1152,AUGUST 5,C,Adley Rutschman,1,3,1,0,0,5.0
1153,AUGUST 5,1B,Yandy Diaz,0,1,0,0,0,1.0
1154,AUGUST 5,2B,Matt McLain,0,0,0,1,2,-1.0
1155,AUGUST 5,3B,Ezequiel Duran,0,0,0,0,1,-1.0
1156,AUGUST 5,SS,Xander Bogaerts,0,1,0,0,0,1.0
1157,AUGUST 5,OF,Steven Kwan,0,1,0,0,1,0.0
1158,AUGUST 5,OF,TJ Friedl,1,4,3,0,2,6.0
1159,AUGUST 5,OF,Jarren Duran,0,0,0,0,2,-2.0
1160,AUGUST 5,UTIL,Nico Hoerner,1,0,0,1,2,0.0
1161,AUGUST 6,C,Adley Rutschman,0,0,1,1,0,2.0
1162,AUGUST 6,1B,Yandy Diaz,3,7,2,0,1,11.0
1163,AUGUST 6,2B,Matt McLain,0,0,0,0,3,-3.0
1164,AUGUST 6,3B,Ezequiel Duran,1,4,1,1,0,7.0
1165,AUGUST 6,SS,Xander Bogaerts,0,1,0,0,1,0.0
1166,AUGUST 6,OF,Steven Kwan,0,1,0,0,0,1.0
1167,AUGUST 6,OF,TJ Friedl,1,5,1,0,0,8.0
1168,AUGUST 6,OF,Jarren Duran,0,0,0,0,2,-2.0
1169,AUGUST 6,UTIL,Nico Hoerner,0,0,0,1,1,1.0
1173,AUGUST 7,3B,Ezequiel Duran,0,0,0,0,2,-2.0
1174,AUGUST 7,SS,Xander Bogaerts,0,0,0,0,0,0.0
1175,AUGUST 7,OF,Steven Kwan,0,0,0,0,0,0.0
1176,AUGUST 7,OF,TJ Friedl,1,4,2,0,0,8.0
1177,AUGUST 7,OF,Travis Jankowski,1,0,1,1,0,3.0
1178,AUGUST 7,UTIL,Nico Hoerner,1,2,0,0,2,1.0
1179,AUGUST 8,C,Adley Rutschman,2,4,2,1,0,9.0
1180,AUGUST 8,1B,Yandy Diaz,1,4,1,0,0,6.0
1181,AUGUST 8,2B,Matt McLain,0,0,0,0,0,0.0
1182,AUGUST 8,3B,Ezequiel Duran,0,1,1,0,1,1.0
1183,AUGUST 8,SS,Xander Bogaerts,0,1,0,0,0,1.0
1184,AUGUST 8,OF,Steven Kwan,0,0,0,0,0,0.0
1185,AUGUST 8,OF,TJ Friedl,0,2,1,0,1,2.0
1186,AUGUST 8,OF,Jarren Duran,0,2,1,0,1,2.0
1187,AUGUST 8,UTIL,Nico Hoerner,0,1,0,0,1,1.0
1188,AUGUST 9,C,Adley Rutschman,0,4,0,0,0,4.0
1189,AUGUST 9,1B,Yandy Diaz,0,0,0,0,1,-1.0
1190,AUGUST 9,2B,Matt McLain,1,1,0,0,0,2.0
1191,AUGUST 9,3B,Ezequiel Duran,0,0,0,1,1,0.0
1192,AUGUST 9,SS,Xander Bogaerts,0,1,0,0,0,1.0
1193,AUGUST 9,OF,TJ Friedl,0,0,0,0,0,0.0
1194,AUGUST 9,OF,Travis Jankowski,0,1,0,0,1,0.0
1195,AUGUST 9,OF,Jarren Duran,0,0,0,0,2,-2.0
1196,AUGUST 9,UTIL,Nico Hoerner,0,1,0,2,1,2.0
1197,AUGUST 10,C,Adley Rutschman,1,5,2,0,1,7.0
1198,AUGUST 10,1B,Yandy Diaz,1,1,0,0,2,0.0
1204,AUGUST 10,OF,Jarren Duran,0,0,0,1,0,1.0
1206,AUGUST 11,C,Adley Rutschman,0,0,0,0,2,-2.0
1207,AUGUST 11,1B,Yandy Diaz,1,3,1,0,1,4.0
1208,AUGUST 11,2B,Matt McLain,1,1,0,0,2,0.0
1209,AUGUST 11,3B,Ezequiel Duran,0,1,0,0,0,1.0
1210,AUGUST 11,SS,Xander Bogaerts,1,8,3,0,0,13.0
1211,AUGUST 11,OF,Steven Kwan,0,4,1,0,0,5.0
1212,AUGUST 11,OF,TJ Friedl,2,1,1,2,0,6.0
1214,AUGUST 11,UTIL,Nico Hoerner,1,5,1,0,0,8.0
1215,AUGUST 12,C,Adley Rutschman,0,0,0,0,1,-1.0
1216,AUGUST 12,1B,Yandy Diaz,1,5,1,0,1,6.0
1218,AUGUST 12,3B,Ezequiel Duran,0,6,2,0,1,7.0
1219,AUGUST 12,SS,Xander Bogaerts,0,0,0,1,1,0.0
1221,AUGUST 12,OF,Jarren Duran,0,0,0,0,0,0.0
1222,AUGUST 12,OF,Mike Tauchman,0,0,0,0,2,-2.0
1223,AUGUST 12,UTIL,Nico Hoerner,1,3,0,0,1,3.0
1224,AUGUST 13,C,Adley Rutschman,0,1,1,0,0,2.0
1225,AUGUST 13,1B,Yandy Diaz,0,1,1,1,0,3.0
1226,AUGUST 13,2B,Matt McLain,1,4,1,0,3,3.0
1227,AUGUST 13,3B,Ezequiel Duran,1,2,1,0,0,5.0
1228,AUGUST 13,SS,Xander Bogaerts,0,2,0,0,1,1.0
1229,AUGUST 13,OF,TJ Friedl,0,1,0,0,0,2.0
1230,AUGUST 13,OF,Jarren Duran,0,0,0,0,0,0.0
1232,AUGUST 13,UTIL,Nico Hoerner,1,1,0,1,0,3.0
1233,AUGUST 14,C,Adley Rutschman,1,0,0,1,0,2.0
1234,AUGUST 14,1B,Yandy Diaz,0,3,1,0,2,2.0
1236,AUGUST 14,3B,Ezequiel Duran,1,0,0,1,3,-1.0
1237,AUGUST 14,SS,Xander Bogaerts,0,1,0,1,0,2.0
1242,AUGUST 15,C,Adley Rutschman,0,0,0,0,2,-2.0
1243,AUGUST 15,1B,Yandy Diaz,0,0,0,1,1,0.0
1244,AUGUST 15,2B,Matt McLain,0,0,0,1,0,1.0
1245,AUGUST 15,3B,Ezequiel Duran,1,2,0,0,1,2.0
1246,AUGUST 15,SS,Nico Hoerner,0,2,0,1,0,4.0
1247,AUGUST 15,OF,Steven Kwan,1,2,1,0,0,4.0
1248,AUGUST 15,OF,Jarren Duran,1,1,0,0,2,0.0
1249,AUGUST 15,OF,Mike Tauchman,1,0,0,1,0,2.0
1250,AUGUST 15,UTIL,Xander Bogaerts,2,2,0,1,1,4.0
1251,AUGUST 16,C,Adley Rutschman,1,3,0,0,0,4.0
1252,AUGUST 16,1B,Yandy Diaz,1,2,0,0,1,2.0
1253,AUGUST 16,2B,Matt McLain,1,7,3,0,0,13.0
1254,AUGUST 16,3B,Ezequiel Duran,0,0,0,0,1,-1.0
1255,AUGUST 16,SS,Nico Hoerner,0,0,0,1,1,0.0
1256,AUGUST 16,OF,Steven Kwan,0,0,0,0,1,-1.0
1257,AUGUST 16,OF,TJ Friedl,3,3,0,0,0,7.0
1258,AUGUST 16,OF,Mike Tauchman,0,0,0,1,0,1.0
1259,AUGUST 16,UTIL,Xander Bogaerts,0,1,1,0,0,2.0
1266,AUGUST 17,OF,Jarren Duran,0,2,0,0,0,2.0
1268,AUGUST 17,UTIL,Xander Bogaerts,0,0,0,1,0,1.0
1269,AUGUST 18,C,Adley Rutschman,1,4,0,1,0,6.0
1270,AUGUST 18,1B,Yandy Diaz,1,2,0,0,0,3.0
1271,AUGUST 18,2B,Matt McLain,0,2,0,0,1,1.0
1272,AUGUST 18,3B,Ezequiel Duran,1,2,1,0,0,4.0
1273,AUGUST 18,SS,Nico Hoerner,0,3,1,1,1,4.0
1274,AUGUST 18,OF,Steven Kwan,1,3,0,2,0,6.0
1275,AUGUST 18,OF,Jarren Duran,0,0,0,0,0,0.0
1277,AUGUST 18,UTIL,Xander Bogaerts,0,0,0,0,2,-2.0
1278,AUGUST 19,C,Adley Rutschman,1,0,0,2,0,3.0
1279,AUGUST 19,1B,Yandy Diaz,2,4,0,1,1,6.0
1280,AUGUST 19,2B,Matt McLain,1,0,0,1,2,0.0
1281,AUGUST 19,3B,Ezequiel Duran,0,1,0,0,3,-2.0
1282,AUGUST 19,SS,Nico Hoerner,1,1,0,0,1,3.0
1283,AUGUST 19,OF,Steven Kwan,0,1,1,0,1,1.0
1284,AUGUST 19,OF,Jarren Duran,1,1,0,0,1,1.0
1285,AUGUST 19,OF,Mike Tauchman,0,1,0,0,1,0.0
1286,AUGUST 19,UTIL,Xander Bogaerts,1,4,1,0,0,6.0
1287,AUGUST 20,C,Adley Rutschman,3,2,1,1,1,6.0
1289,AUGUST 20,2B,Matt McLain,0,0,0,1,2,-1.0
1290,AUGUST 20,3B,Ezequiel Duran,1,2,0,1,0,4.0
1291,AUGUST 20,SS,Nico Hoerner,1,1,0,0,0,2.0
1292,AUGUST 20,OF,Steven Kwan,1,2,0,0,0,3.0
1293,AUGUST 20,OF,Jarren Duran,0,1,0,1,1,2.0
1294,AUGUST 20,OF,Mike Tauchman,0,1,0,0,0,1.0
1295,AUGUST 20,UTIL,TJ Friedl,0,1,0,0,1,0.0
1299,AUGUST 21,3B,Ezequiel Duran,1,0,0,0,2,-1.0
1300,AUGUST 21,SS,Nico Hoerner,0,0,0,0,0,0.0
1303,AUGUST 21,OF,Mike Tauchman,0,1,0,1,2,0.0
1304,AUGUST 21,UTIL,Xander Bogaerts,0,1,0,0,0,1.0
1305,AUGUST 22,C,Adley Rutschman,1,3,0,0,0,5.0
1306,AUGUST 22,1B,Yandy Diaz,2,4,2,0,0,8.0
1307,AUGUST 22,2B,Matt McLain,1,4,1,1,2,5.0
1308,AUGUST 22,3B,Ezequiel Duran,1,2,0,1,1,3.0
1309,AUGUST 22,SS,Nico Hoerner,0,0,0,0,2,-2.0
1310,AUGUST 22,OF,Steven Kwan,1,1,1,1,0,4.0
1311,AUGUST 22,OF,TJ Friedl,1,3,0,0,0,4.0
1312,AUGUST 22,OF,Mike Tauchman,1,0,0,1,1,1.0
1313,AUGUST 22,UTIL,Xander Bogaerts,0,0,0,0,1,-1.0
1314,AUGUST 23,C,Adley Rutschman,0,1,2,0,2,1.0
1315,AUGUST 23,1B,Yandy Diaz,0,2,3,1,0,6.0
1316,AUGUST 23,2B,Matt McLain,5,6,3,2,2,16.0
1318,AUGUST 23,SS,Nico Hoerner,1,1,1,0,0,4.0
1319,AUGUST 23,OF,Steven Kwan,0,0,0,0,0,0.0
1320,AUGUST 23,OF,TJ Friedl,2,6,0,0,1,8.0
1321,AUGUST 23,OF,Mike Tauchman,0,0,0,0,1,-1.0
1322,AUGUST 23,UTIL,Xander Bogaerts,1,4,2,0,0,7.0
1323,AUGUST 24,C,Adley Rutschman,1,3,0,0,0,4.0
1324,AUGUST 24,1B,Yandy Diaz,0,0,0,0,0,0.0
1325,AUGUST 24,2B,Matt McLain,0,0,0,0,2,-2.0
1326,AUGUST 24,3B,Ezequiel Duran,0,1,0,1,1,2.0
1327,AUGUST 24,SS,Nico Hoerner,1,3,1,0,0,5.0
1328,AUGUST 24,OF,Steven Kwan,0,2,0,0,0,2.0
1329,AUGUST 24,OF,TJ Friedl,0,0,0,1,1,0.0
1330,AUGUST 24,OF,Mike Tauchman,1,1,0,0,0,2.0
1332,AUGUST 25,C,Adley Rutschman,0,1,0,0,0,1.0
1333,AUGUST 25,1B,Yandy Diaz,1,4,1,0,1,5.0
1334,AUGUST 25,2B,Matt McLain,1,1,0,0,0,2.0
1335,AUGUST 25,3B,Ezequiel Duran,0,0,0,0,1,-1.0
1336,AUGUST 25,SS,Nico Hoerner,0,0,0,1,1,0.0
1337,AUGUST 25,OF,Steven Kwan,0,1,0,0,0,1.0
1338,AUGUST 25,OF,TJ Friedl,0,0,0,0,2,-2.0
1339,AUGUST 25,OF,Mike Tauchman,0,0,0,0,1,-1.0
1340,AUGUST 25,UTIL,Xander Bogaerts,0,0,0,0,3,-3.0
1341,AUGUST 26,C,Adley Rutschman,0,0,0,0,3,-3.0
1344,AUGUST 26,3B,Ezequiel Duran,1,1,0,0,1,1.0
1345,AUGUST 26,SS,Matt McLain,1,5,2,0,2,7.0
1347,AUGUST 26,OF,TJ Friedl,1,1,0,0,1,1.0
1348,AUGUST 26,OF,Mike Tauchman,2,1,0,1,1,3.0
1349,AUGUST 26,UTIL,Xander Bogaerts,1,4,1,0,1,5.0
1350,AUGUST 27,C,Adley Rutschman,0,1,0,0,0,1.0
1351,AUGUST 27,1B,Anthony Santander,0,1,0,0,1,0.0
1352,AUGUST 27,2B,Nico Hoerner,3,4,0,0,1,7.0
1353,AUGUST 27,3B,Ezequiel Duran,0,1,0,0,2,-1.0
1354,AUGUST 27,SS,Matt McLain,0,0,0,0,3,-3.0
1355,AUGUST 27,OF,Steven Kwan,1,0,0,0,1,0.0
1356,AUGUST 27,OF,TJ Friedl,0,1,1,0,0,2.0
1357,AUGUST 27,OF,Mike Tauchman,0,0,0,0,2,-2.0
1358,AUGUST 27,UTIL,Xander Bogaerts,0,1,0,0,2,-1.0
1359,AUGUST 28,C,Adley Rutschman,1,1,0,0,1,1.0
1361,AUGUST 28,2B,Nico Hoerner,0,1,0,0,0,1.0
1362,AUGUST 28,3B,Ezequiel Duran,1,2,0,0,0,3.0
1364,AUGUST 28,OF,Steven Kwan,0,2,1,0,0,3.0
1365,AUGUST 28,OF,TJ Friedl,0,1,0,1,0,2.0
1366,AUGUST 28,OF,Anthony Santander,2,5,3,1,1,10.0
1367,AUGUST 28,UTIL,Xander Bogaerts,0,1,0,0,0,1.0
1368,AUGUST 29,C,Adley Rutschman,2,2,1,1,0,6.0
1369,AUGUST 29,1B,Yandy Diaz,1,2,0,0,0,3.0
1370,AUGUST 29,2B,Nico Hoerner,1,0,0,0,0,1.0
1371,AUGUST 29,3B,Ezequiel Duran,0,1,1,0,0,2.0
1372,AUGUST 29,SS,Xander Bogaerts,0,0,0,0,0,0.0
1373,AUGUST 29,OF,Steven Kwan,0,3,0,0,1,2.0
1374,AUGUST 29,OF,TJ Friedl,0,0,0,0,0,0.0
1375,AUGUST 29,OF,Anthony Santander,0,3,4,0,0,7.0
1376,AUGUST 29,UTIL,Bryson Stott,2,5,2,0,0,9.0
1377,AUGUST 30,C,Adley Rutschman,0,0,0,0,0,0.0
1378,AUGUST 30,1B,Yandy Diaz,0,2,0,1,2,1.0
1379,AUGUST 30,2B,Nico Hoerner,1,1,0,0,0,2.0
1380,AUGUST 30,3B,Ezequiel Duran,0,0,0,0,1,-1.0
1381,AUGUST 30,SS,Xander Bogaerts,0,3,0,0,0,3.0
1382,AUGUST 30,OF,Steven Kwan,0,3,1,0,0,4.0
1383,AUGUST 30,OF,TJ Friedl,0,0,0,0,0,0.0
1384,AUGUST 30,OF,Anthony Santander,2,6,2,0,0,10.0
1385,AUGUST 30,UTIL,Bryson Stott,1,1,0,0,0,2.0
1390,AUGUST 31,SS,Xander Bogaerts,0,0,0,1,2,-1.0
1395,SEPTEMBER 1,C,Adley Rutschman,0,0,0,0,1,-1.0
1396,SEPTEMBER 1,1B,Yandy Diaz,0,0,0,0,1,-1.0
1397,SEPTEMBER 1,2B,Nico Hoerner,2,2,0,2,0,7.0
1398,SEPTEMBER 1,3B,Ezequiel Duran,0,0,0,0,2,-2.0
1399,SEPTEMBER 1,SS,Xander Bogaerts,1,1,0,0,1,1.0
1400,SEPTEMBER 1,OF,Steven Kwan,0,1,0,0,2,0.0
1401,SEPTEMBER 1,OF,TJ Friedl,0,2,1,0,2,1.0
1402,SEPTEMBER 1,OF,Anthony Santander,0,0,0,0,0,0.0
1403,SEPTEMBER 1,UTIL,Bryson Stott,0,0,0,0,2,-2.0
1404,SEPTEMBER 2,C,Adley Rutschman,1,5,2,0,1,7.0
1405,SEPTEMBER 2,1B,Yandy Diaz,1,4,1,0,0,6.0
1406,SEPTEMBER 2,2B,Nico Hoerner,0,1,0,0,1,1.0
1407,SEPTEMBER 2,3B,Ezequiel Duran,0,0,0,0,1,-1.0
1408,SEPTEMBER 2,SS,Xander Bogaerts,2,5,1,1,0,9.0
1409,SEPTEMBER 2,OF,Steven Kwan,1,2,2,0,0,5.0
1410,SEPTEMBER 2,OF,TJ Friedl,1,0,0,2,0,3.0
1411,SEPTEMBER 2,OF,Anthony Santander,0,2,0,0,0,2.0
1412,SEPTEMBER 2,UTIL,Bryson Stott,0,0,0,0,2,-2.0
1413,SEPTEMBER 3,C,Adley Rutschman,0,2,2,1,0,5.0
1414,SEPTEMBER 3,1B,Yandy Diaz,1,1,0,1,0,3.0
1415,SEPTEMBER 3,2B,Nico Hoerner,2,3,0,1,1,5.0
1417,SEPTEMBER 3,SS,Xander Bogaerts,0,5,1,0,0,7.0
1418,SEPTEMBER 3,OF,Steven Kwan,1,1,0,1,2,2.0
1419,SEPTEMBER 3,OF,TJ Friedl,1,5,1,0,1,6.0
1420,SEPTEMBER 3,OF,Michael Brantley,0,0,0,0,0,0.0
1421,SEPTEMBER 3,UTIL,Bryson Stott,0,0,0,0,1,-1.0
1424,SEPTEMBER 4,2B,Nico Hoerner,0,0,0,0,0,0.0
1426,SEPTEMBER 4,SS,Xander Bogaerts,2,2,0,1,1,4.0
1427,SEPTEMBER 4,OF,Steven Kwan,1,1,1,1,0,4.0
1428,SEPTEMBER 4,OF,Anthony Santander,1,1,0,0,0,2.0
1430,SEPTEMBER 4,UTIL,Bryson Stott,1,6,0,0,0,8.0
1431,SEPTEMBER 5,C,Adley Rutschman,1,1,1,3,0,6.0
1432,SEPTEMBER 5,1B,Yandy Diaz,1,1,0,3,2,3.0
1433,SEPTEMBER 5,2B,Nico Hoerner,1,2,0,0,2,1.0
1434,SEPTEMBER 5,3B,Elly De La Cruz,1,2,0,1,0,5.0
1435,SEPTEMBER 5,SS,Xander Bogaerts,3,5,1,0,0,9.0
1436,SEPTEMBER 5,OF,Steven Kwan,0,0,0,0,1,-1.0
1437,SEPTEMBER 5,OF,TJ Friedl,0,0,0,0,1,-1.0
1438,SEPTEMBER 5,OF,Anthony Santander,0,2,0,0,0,2.0
1439,SEPTEMBER 5,UTIL,Bryson Stott,0,0,0,0,0,0.0
1440,SEPTEMBER 6,C,Adley Rutschman,0,0,0,1,0,1.0
1441,SEPTEMBER 6,1B,Yandy Diaz,1,0,0,1,2,0.0
1442,SEPTEMBER 6,2B,Nico Hoerner,1,1,0,0,0,2.0
1443,SEPTEMBER 6,3B,Elly De La Cruz,1,0,0,1,0,3.0
1444,SEPTEMBER 6,SS,Xander Bogaerts,1,2,0,0,0,3.0
1445,SEPTEMBER 6,OF,Steven Kwan,0,0,0,1,0,1.0
1446,SEPTEMBER 6,OF,TJ Friedl,1,3,1,1,1,5.0
1447,SEPTEMBER 6,OF,Anthony Santander,2,6,3,1,1,11.0
1448,SEPTEMBER 6,UTIL,Bryson Stott,0,2,0,1,0,4.0
1450,SEPTEMBER 7,1B,Yandy Diaz,0,0,0,0,0,0.0
1451,SEPTEMBER 7,2B,Nico Hoerner,1,3,0,0,0,4.0
1454,SEPTEMBER 7,OF,Steven Kwan,1,3,0,1,0,5.0
1458,SEPTEMBER 8,C,Adley Rutschman,2,5,3,1,0,11.0
1459,SEPTEMBER 8,1B,Yandy Diaz,1,0,0,2,0,3.0
1460,SEPTEMBER 8,2B,Nico Hoerner,0,1,0,0,0,1.0
1461,SEPTEMBER 8,3B,Elly De La Cruz,0,0,0,1,0,1.0
1462,SEPTEMBER 8,SS,Xander Bogaerts,1,4,1,0,0,6.0
1463,SEPTEMBER 8,OF,Steven Kwan,2,3,1,1,0,7.0
1464,SEPTEMBER 8,OF,TJ Friedl,0,0,0,0,0,0.0
1465,SEPTEMBER 8,OF,Anthony Santander,1,1,0,3,0,5.0
1466,SEPTEMBER 8,UTIL,Bryson Stott,0,1,0,1,1,2.0
1467,SEPTEMBER 9,C,Adley Rutschman,0,0,0,1,0,1.0
1468,SEPTEMBER 9,1B,Yandy Diaz,1,6,3,0,0,10.0
1469,SEPTEMBER 9,2B,Nico Hoerner,1,1,0,0,1,1.0
1470,SEPTEMBER 9,3B,Elly De La Cruz,0,0,0,0,3,-3.0
1471,SEPTEMBER 9,SS,Xander Bogaerts,0,2,0,0,1,2.0
1472,SEPTEMBER 9,OF,Steven Kwan,0,0,0,1,0,1.0
1473,SEPTEMBER 9,OF,TJ Friedl,0,1,0,1,0,2.0
1474,SEPTEMBER 9,OF,Anthony Santander,2,3,1,0,1,5.0
1475,SEPTEMBER 9,UTIL,Bryson Stott,1,0,0,0,1,0.0
1476,SEPTEMBER 10,C,Adley Rutschman,0,2,0,0,1,1.0
1477,SEPTEMBER 10,1B,Yandy Diaz,1,2,0,0,1,2.0
1478,SEPTEMBER 10,2B,Nico Hoerner,2,1,0,0,0,5.0
1479,SEPTEMBER 10,3B,Elly De La Cruz,0,0,0,0,1,-1.0
1480,SEPTEMBER 10,SS,Xander Bogaerts,0,0,0,1,0,1.0
1481,SEPTEMBER 10,OF,Steven Kwan,0,2,0,1,0,4.0
1482,SEPTEMBER 10,OF,TJ Friedl,2,7,1,0,0,10.0
1483,SEPTEMBER 10,OF,Anthony Santander,0,0,0,0,1,-1.0
1484,SEPTEMBER 10,UTIL,Bryson Stott,1,0,0,1,2,0.0
1485,SEPTEMBER 11,C,Adley Rutschman,2,1,0,2,0,5.0
1486,SEPTEMBER 11,1B,Yandy Diaz,2,8,1,0,0,11.0
1487,SEPTEMBER 11,2B,Nico Hoerner,0,1,0,0,0,1.0
1489,SEPTEMBER 11,SS,Xander Bogaerts,2,7,1,0,0,10.0
1490,SEPTEMBER 11,OF,Steven Kwan,0,1,1,0,0,2.0
1492,SEPTEMBER 11,OF,Anthony Santander,0,0,0,1,1,0.0
1493,SEPTEMBER 11,UTIL,Bryson Stott,1,2,1,0,2,2.0
1494,SEPTEMBER 12,C,Adley Rutschman,1,1,0,2,0,4.0
1495,SEPTEMBER 12,1B,Yandy Diaz,0,0,0,1,0,1.0
1496,SEPTEMBER 12,2B,Nico Hoerner,0,2,0,0,1,2.0
1497,SEPTEMBER 12,3B,Elly De La Cruz,2,1,0,1,1,3.0
1498,SEPTEMBER 12,SS,Xander Bogaerts,0,0,0,1,1,0.0
1499,SEPTEMBER 12,OF,Steven Kwan,1,0,0,1,1,1.0
1500,SEPTEMBER 12,OF,TJ Friedl,1,1,1,1,0,4.0
1501,SEPTEMBER 12,OF,Anthony Santander,0,3,1,0,1,3.0
1502,SEPTEMBER 12,UTIL,Bryson Stott,1,4,2,0,0,7.0
1503,SEPTEMBER 13,C,Adley Rutschman,0,0,0,0,1,-1.0
1504,SEPTEMBER 13,1B,Anthony Santander,0,2,0,0,2,0.0
1505,SEPTEMBER 13,2B,Nico Hoerner,1,4,0,0,0,6.0
1506,SEPTEMBER 13,3B,Elly De La Cruz,0,0,0,0,0,1.0
1508,SEPTEMBER 13,OF,Steven Kwan,2,2,0,1,0,6.0
1509,SEPTEMBER 13,OF,TJ Friedl,0,4,2,0,1,5.0
1510,SEPTEMBER 13,OF,Tommy Pham,0,1,1,1,0,4.0
1511,SEPTEMBER 13,UTIL,Bryson Stott,0,1,1,0,0,2.0
1512,SEPTEMBER 14,C,Adley Rutschman,0,0,0,0,1,-1.0
1513,SEPTEMBER 14,1B,Anthony Santander,0,0,0,0,4,-4.0
1515,SEPTEMBER 14,3B,Elly De La Cruz,0,0,0,2,0,3.0
1518,SEPTEMBER 14,OF,TJ Friedl,1,4,1,1,2,5.0
1519,SEPTEMBER 14,OF,Tommy Pham,0,1,0,1,0,2.0
1520,SEPTEMBER 14,UTIL,Yandy Diaz,1,1,0,0,0,2.0
1521,SEPTEMBER 15,C,Adley Rutschman,0,0,0,0,2,-2.0
1522,SEPTEMBER 15,1B,Yandy Diaz,0,1,0,0,2,-1.0
1523,SEPTEMBER 15,2B,Nico Hoerner,0,1,0,0,1,0.0
1525,SEPTEMBER 15,SS,Xander Bogaerts,0,2,0,0,0,3.0
1526,SEPTEMBER 15,OF,Steven Kwan,1,1,0,1,1,2.0
1527,SEPTEMBER 15,OF,TJ Friedl,0,0,0,1,2,-1.0
1528,SEPTEMBER 15,OF,Tommy Pham,0,0,0,1,1,0.0
1529,SEPTEMBER 15,UTIL,Bryson Stott,0,0,0,1,0,1.0
1530,SEPTEMBER 16,C,Adley Rutschman,0,1,1,1,1,2.0
1531,SEPTEMBER 16,1B,Yandy Diaz,0,2,0,0,1,1.0
1532,SEPTEMBER 16,2B,Nico Hoerner,1,2,2,2,1,7.0
1533,SEPTEMBER 16,3B,Elly De La Cruz,0,2,0,0,0,3.0
1534,SEPTEMBER 16,SS,Xander Bogaerts,0,3,1,0,2,2.0
1535,SEPTEMBER 16,OF,Steven Kwan,0,2,1,1,0,4.0
1536,SEPTEMBER 16,OF,TJ Friedl,1,2,0,0,0,3.0
1537,SEPTEMBER 16,OF,Tommy Pham,2,3,0,0,1,4.0
1538,SEPTEMBER 16,UTIL,Bryson Stott,1,1,0,0,0,3.0
1539,SEPTEMBER 17,C,Adley Rutschman,2,7,2,0,0,11.0
1540,SEPTEMBER 17,1B,Yandy Diaz,0,0,0,1,0,1.0
1541,SEPTEMBER 17,2B,Nico Hoerner,0,1,0,1,0,2.0
1542,SEPTEMBER 17,3B,Elly De La Cruz,0,0,0,0,1,-1.0
1543,SEPTEMBER 17,SS,Xander Bogaerts,2,2,0,0,1,3.0
1544,SEPTEMBER 17,OF,Steven Kwan,1,3,1,0,1,4.0
1545,SEPTEMBER 17,OF,TJ Friedl,0,0,0,0,0,0.0
1546,SEPTEMBER 17,OF,Tommy Pham,1,1,0,1,2,2.0
1547,SEPTEMBER 17,UTIL,Bryson Stott,1,2,0,0,1,2.0
1548,SEPTEMBER 18,C,Adley Rutschman,1,2,2,0,1,4.0
1551,SEPTEMBER 18,3B,Elly De La Cruz,0,0,0,1,2,-1.0
1552,SEPTEMBER 18,SS,Xander Bogaerts,3,6,0,1,0,11.0
1553,SEPTEMBER 18,OF,Steven Kwan,0,0,0,1,0,1.0
1554,SEPTEMBER 18,OF,TJ Friedl,0,1,0,0,0,1.0
1556,SEPTEMBER 18,UTIL,Bryson Stott,0,0,0,0,1,-1.0
1558,SEPTEMBER 19,1B,Yandy Diaz,1,4,0,1,0,6.0
1559,SEPTEMBER 19,2B,Nico Hoerner,2,1,1,1,0,5.0
1560,SEPTEMBER 19,3B,Elly De La Cruz,0,0,0,0,3,-3.0
1561,SEPTEMBER 19,SS,Xander Bogaerts,1,5,2,0,0,8.0
1562,SEPTEMBER 19,OF,Steven Kwan,1,5,2,3,0,11.0
1563,SEPTEMBER 19,OF,TJ Friedl,0,1,0,0,3,-2.0
1564,SEPTEMBER 19,OF,Tommy Pham,0,3,1,1,0,5.0
1565,SEPTEMBER 19,UTIL,Bryson Stott,0,0,0,0,1,-1.0
1566,SEPTEMBER 20,C,Adley Rutschman,1,2,0,1,0,4.0
1567,SEPTEMBER 20,1B,Yandy Diaz,0,2,2,1,0,5.0
1568,SEPTEMBER 20,2B,Nico Hoerner,1,0,0,1,0,2.0
1570,SEPTEMBER 20,SS,Xander Bogaerts,1,4,0,0,0,6.0
1572,SEPTEMBER 20,OF,TJ Friedl,0,1,1,0,0,2.0
1573,SEPTEMBER 20,OF,Tommy Pham,1,0,1,0,2,0.0
1574,SEPTEMBER 20,UTIL,Bryson Stott,0,2,2,1,0,5.0
1575,SEPTEMBER 21,C,Adley Rutschman,1,5,0,0,0,6.0
1576,SEPTEMBER 21,1B,Yandy Diaz,2,2,0,2,0,6.0
1577,SEPTEMBER 21,2B,Nico Hoerner,0,3,1,1,0,5.0
1580,SEPTEMBER 21,OF,Steven Kwan,1,1,0,1,0,3.0
1582,SEPTEMBER 21,OF,Brandon Nimmo,0,2,0,1,0,3.0
1583,SEPTEMBER 21,UTIL,Bryson Stott,0,0,0,1,1,0.0
1584,SEPTEMBER 22,C,Adley Rutschman,1,1,0,0,1,1.0
1585,SEPTEMBER 22,1B,Yandy Diaz,0,0,0,0,2,-2.0
1586,SEPTEMBER 22,2B,Nico Hoerner,0,0,0,0,0,1.0
1587,SEPTEMBER 22,3B,Bobby Dalbec,0,1,0,0,0,1.0
1588,SEPTEMBER 22,SS,Xander Bogaerts,0,0,0,0,2,-2.0
1589,SEPTEMBER 22,OF,Steven Kwan,1,3,0,0,1,3.0
1590,SEPTEMBER 22,OF,Tommy Pham,0,0,0,0,0,0.0
1591,SEPTEMBER 22,OF,Brandon Nimmo,1,1,1,2,0,5.0
1592,SEPTEMBER 22,UTIL,Bryson Stott,0,1,0,0,2,-1.0
1593,SEPTEMBER 23,C,Adley Rutschman,0,2,0,1,1,2.0
1594,SEPTEMBER 23,1B,Yandy Diaz,1,8,1,0,0,10.0
1595,SEPTEMBER 23,2B,Nico Hoerner,1,2,2,2,0,7.0
1596,SEPTEMBER 23,3B,Bobby Dalbec,0,0,0,0,4,-4.0
1597,SEPTEMBER 23,SS,Xander Bogaerts,1,1,1,1,1,3.0
1598,SEPTEMBER 23,OF,Steven Kwan,0,0,0,0,1,-1.0
1600,SEPTEMBER 23,OF,Brandon Nimmo,1,3,2,0,2,4.0
1602,SEPTEMBER 24,C,Adley Rutschman,0,4,1,2,0,7.0
1603,SEPTEMBER 24,1B,Yandy Diaz,1,1,0,0,0,2.0
1604,SEPTEMBER 24,2B,Nico Hoerner,0,0,0,0,1,-1.0
1606,SEPTEMBER 24,SS,Xander Bogaerts,2,5,1,0,1,7.0
1607,SEPTEMBER 24,OF,Steven Kwan,0,0,0,0,1,-1.0
1608,SEPTEMBER 24,OF,Tommy Pham,1,2,1,0,1,3.0
1610,SEPTEMBER 24,UTIL,Bryson Stott,1,1,0,0,2,1.0
1614,SEPTEMBER 25,3B,Brandon Drury,0,0,0,0,2,-2.0
1615,SEPTEMBER 25,SS,Xander Bogaerts,1,2,0,0,1,2.0
1617,SEPTEMBER 25,OF,Tommy Pham,0,0,0,0,3,-3.0
1620,SEPTEMBER 26,C,Adley Rutschman,0,0,0,1,1,0.0
1622,SEPTEMBER 26,2B,Nico Hoerner,1,1,0,1,0,4.0
1623,SEPTEMBER 26,3B,Brandon Drury,2,6,3,0,0,11.0
1624,SEPTEMBER 26,SS,Xander Bogaerts,1,1,0,1,0,4.0
1625,SEPTEMBER 26,OF,Steven Kwan,0,0,0,0,0,0.0
1626,SEPTEMBER 26,OF,Tommy Pham,1,0,2,1,0,4.0
1628,SEPTEMBER 26,UTIL,Bryson Stott,0,1,0,0,1,1.0
1629,SEPTEMBER 27,C,Adley Rutschman,1,5,3,1,1,9.0
1631,SEPTEMBER 27,2B,Nico Hoerner,0,0,0,0,0,0.0
1632,SEPTEMBER 27,3B,Brandon Drury,0,0,0,0,3,-3.0
1633,SEPTEMBER 27,SS,Xander Bogaerts,0,1,2,0,1,2.0
1634,SEPTEMBER 27,OF,Steven Kwan,1,1,0,0,1,1.0
1635,SEPTEMBER 27,OF,Tommy Pham,0,1,1,1,0,3.0
1636,SEPTEMBER 27,OF,Brandon Nimmo,2,4,2,1,3,6.0
1637,SEPTEMBER 27,UTIL,Bryson Stott,0,0,0,0,1,-1.0
1638,SEPTEMBER 28,C,Adley Rutschman,0,1,0,1,0,2.0
1640,SEPTEMBER 28,2B,Nico Hoerner,1,2,0,0,0,3.0
1641,SEPTEMBER 28,3B,Jon Berti,0,0,0,1,1,0.0
1644,SEPTEMBER 28,OF,Tommy Pham,0,0,0,1,2,0.0
1645,SEPTEMBER 28,OF,Brandon Nimmo,0,1,0,0,1,0.0
1648,SEPTEMBER 29,1B,Yandy Diaz,1,5,2,1,0,9.0
1649,SEPTEMBER 29,2B,Nico Hoerner,0,0,0,0,0,0.0
1650,SEPTEMBER 29,3B,Jon Berti,0,0,0,2,0,2.0
1651,SEPTEMBER 29,SS,Xander Bogaerts,0,2,1,0,1,2.0
1652,SEPTEMBER 29,OF,Steven Kwan,0,3,0,1,0,5.0
1653,SEPTEMBER 29,OF,Tommy Pham,0,0,0,1,0,1.0
1654,SEPTEMBER 29,OF,Evan Carter,0,0,0,0,3,-3.0
1656,SEPTEMBER 30,C,Adley Rutschman,0,1,0,0,2,-1.0
1657,SEPTEMBER 30,1B,Yandy Diaz,0,0,0,0,1,-1.0
1659,SEPTEMBER 30,3B,Jon Berti,2,3,0,1,0,6.0
1660,SEPTEMBER 30,SS,Xander Bogaerts,1,1,0,0,0,2.0
1661,SEPTEMBER 30,OF,Steven Kwan,0,0,0,1,1,0.0
1662,SEPTEMBER 30,OF,Tommy Pham,0,1,0,1,0,2.0
1663,SEPTEMBER 30,OF,Evan Carter,1,0,0,2,1,2.0
1664,SEPTEMBER 30,UTIL,Bryson Stott,0,0,0,0,0,0.0
1665,OCTOBER 1,C,Adley Rutschman,0,1,1,1,1,2.0
1667,OCTOBER 1,2B,Brendan Rodgers,0,0,0,0,3,-3.0
1668,OCTOBER 1,3B,Jon Berti,0,0,0,0,1,-1.0
1669,OCTOBER 1,SS,Xander Bogaerts,0,1,0,0,1,0.0
1670,OCTOBER 1,OF,Steven Kwan,0,0,0,0,1,-1.0
1672,OCTOBER 1,OF,Evan Carter,0,3,0,0,1,2.0
1673,OCTOBER 1,UTIL,Bryson Stott,1,4,1,1,0,7.0
