,Date,Pitcher,IP,Hits,ER,Walks,Strike Outs,W,L,Saves,Holds,Points
0,MARCH 30,Sandy Alcantara,5.2,3,3,4,2,0,0,0,0,6
1,MARCH 30,Max Scherzer,6.0,4,3,2,6,1,0,0,0,14
2,MARCH 30,Spencer Strider,--,--,--,--,--,--,--,--,--,
3,MARCH 30,Emmanuel Clase,--,--,--,--,--,--,--,--,--,
4,MARCH 30,Jeffrey Springs,--,--,--,--,--,--,--,--,--,
5,MARCH 30,Ryan Pressly,1.0,2,2,1,1,0,1,0,0,-5
6,MARCH 30,Jhoan Duran,1.0,0,0,1,1,0,0,1,0,8
7,MARCH 31,Sandy Alcantara,--,--,--,--,--,--,--,--,--,
8,MARCH 31,Max Scherzer,--,--,--,--,--,--,--,--,--,
9,MARCH 31,Spencer Strider,--,--,--,--,--,--,--,--,--,
10,MARCH 31,Emmanuel Clase,1.0,0,0,0,2,0,0,0,0,5
11,MARCH 31,Jeffrey Springs,--,--,--,--,--,--,--,--,--,
12,MARCH 31,Ryan Pressly,--,--,--,--,--,--,--,--,--,
13,MARCH 31,Jhoan Duran,--,--,--,--,--,--,--,--,--,
14,APRIL 1,Sandy Alcantara,--,--,--,--,--,--,--,--,--,
15,APRIL 1,Max Scherzer,--,--,--,--,--,--,--,--,--,
16,APRIL 1,Spencer Strider,6.0,3,0,3,9,1,0,0,0,23
17,APRIL 1,Emmanuel Clase,1.0,0,0,0,1,0,0,1,0,9
18,APRIL 1,Jeffrey Springs,--,--,--,--,--,--,--,--,--,
19,APRIL 1,Ryan Pressly,--,--,--,--,--,--,--,--,--,
20,APRIL 1,Jhoan Duran,--,--,--,--,--,--,--,--,--,
21,APRIL 2,Sandy Alcantara,--,--,--,--,--,--,--,--,--,
22,APRIL 2,Max Scherzer,--,--,--,--,--,--,--,--,--,
23,APRIL 2,Spencer Strider,--,--,--,--,--,--,--,--,--,
24,APRIL 2,Emmanuel Clase,--,--,--,--,--,--,--,--,--,
25,APRIL 2,Jeffrey Springs,6.0,0,0,1,12,1,0,0,0,31
26,APRIL 2,Ryan Pressly,--,--,--,--,--,--,--,--,--,
27,APRIL 2,Jhoan Duran,--,--,--,--,--,--,--,--,--,
28,APRIL 3,Sandy Alcantara,--,--,--,--,--,--,--,--,--,
29,APRIL 3,Max Scherzer,--,--,--,--,--,--,--,--,--,
30,APRIL 3,Spencer Strider,--,--,--,--,--,--,--,--,--,
31,APRIL 3,Emmanuel Clase,1.0,2,2,2,0,1,0,0,0,-3
32,APRIL 3,Jeffrey Springs,--,--,--,--,--,--,--,--,--,
33,APRIL 3,Ryan Pressly,1.0,0,0,0,0,0,0,0,0,3
34,APRIL 3,Jhoan Duran,--,--,--,--,--,--,--,--,--,
35,APRIL 4,Sandy Alcantara,9.0,3,0,1,5,1,0,0,0,30
36,APRIL 4,Max Scherzer,5.1,8,5,2,2,0,1,0,0,-4
37,APRIL 4,Spencer Strider,--,--,--,--,--,--,--,--,--,
38,APRIL 4,Emmanuel Clase,--,--,--,--,--,--,--,--,--,
39,APRIL 4,Jeffrey Springs,--,--,--,--,--,--,--,--,--,
40,APRIL 4,Ryan Pressly,--,--,--,--,--,--,--,--,--,
41,APRIL 4,Jhoan Duran,--,--,--,--,--,--,--,--,--,
42,APRIL 5,Sandy Alcantara,--,--,--,--,--,--,--,--,--,
43,APRIL 5,Max Scherzer,--,--,--,--,--,--,--,--,--,
44,APRIL 5,Spencer Strider,--,--,--,--,--,--,--,--,--,
45,APRIL 5,Emmanuel Clase,1.0,0,0,1,1,0,0,1,0,8
46,APRIL 5,Jeffrey Springs,--,--,--,--,--,--,--,--,--,
47,APRIL 5,Ryan Pressly,1.0,0,0,0,1,0,0,0,0,4
48,APRIL 5,Jhoan Duran,--,--,--,--,--,--,--,--,--,
49,APRIL 6,Sandy Alcantara,--,--,--,--,--,--,--,--,--,
50,APRIL 6,Max Scherzer,--,--,--,--,--,--,--,--,--,
51,APRIL 6,Spencer Strider,5.0,4,3,3,9,0,0,0,0,11
52,APRIL 6,Emmanuel Clase,--,--,--,--,--,--,--,--,--,
53,APRIL 6,Jeffrey Springs,--,--,--,--,--,--,--,--,--,
54,APRIL 6,Ryan Pressly,--,--,--,--,--,--,--,--,--,
55,APRIL 6,Jhoan Duran,--,--,--,--,--,--,--,--,--,
56,APRIL 7,Sandy Alcantara,--,--,--,--,--,--,--,--,--,
57,APRIL 7,Max Scherzer,--,--,--,--,--,--,--,--,--,
58,APRIL 7,Spencer Strider,--,--,--,--,--,--,--,--,--,
59,APRIL 7,Emmanuel Clase,--,--,--,--,--,--,--,--,--,
60,APRIL 7,Jeffrey Springs,--,--,--,--,--,--,--,--,--,
61,APRIL 7,Ryan Pressly,1.0,0,0,0,3,0,0,0,0,6
62,APRIL 7,Jhoan Duran,1.0,0,0,1,2,0,0,0,0,4
63,APRIL 8,Sandy Alcantara,--,--,--,--,--,--,--,--,--,
64,APRIL 8,Spencer Strider,--,--,--,--,--,--,--,--,--,
65,APRIL 8,Emmanuel Clase,--,--,--,--,--,--,--,--,--,
66,APRIL 8,Jeffrey Springs,7.0,3,0,3,7,1,0,0,0,24
67,APRIL 8,Ryan Pressly,--,--,--,--,--,--,--,--,--,
68,APRIL 8,Jhoan Duran,0.1,0,0,0,1,0,0,1,0,7
69,APRIL 8,Martin Perez,5.0,5,2,0,5,0,1,0,0,9
70,APRIL 9,Sandy Alcantara,--,--,--,--,--,--,--,--,--,
71,APRIL 9,Max Scherzer,--,--,--,--,--,--,--,--,--,
72,APRIL 9,Spencer Strider,--,--,--,--,--,--,--,--,--,
73,APRIL 9,Emmanuel Clase,1.0,1,1,1,0,0,0,0,0,-1
74,APRIL 9,Jeffrey Springs,--,--,--,--,--,--,--,--,--,
75,APRIL 9,Ryan Pressly,1.0,0,0,0,0,0,0,0,0,3
76,APRIL 9,Jhoan Duran,--,--,--,--,--,--,--,--,--,
77,APRIL 10,Sandy Alcantara,4.0,10,9,1,4,0,1,0,0,-15
78,APRIL 10,Max Scherzer,5.0,1,0,3,6,1,0,0,0,19
79,APRIL 10,Spencer Strider,--,--,--,--,--,--,--,--,--,
80,APRIL 10,Emmanuel Clase,1.0,0,0,0,2,0,0,1,0,10
81,APRIL 10,Jeffrey Springs,--,--,--,--,--,--,--,--,--,
82,APRIL 10,Ryan Pressly,--,--,--,--,--,--,--,--,--,
83,APRIL 10,Jhoan Duran,--,--,--,--,--,--,--,--,--,
84,APRIL 11,Sandy Alcantara,--,--,--,--,--,--,--,--,--,
85,APRIL 11,Spencer Strider,--,--,--,--,--,--,--,--,--,
86,APRIL 11,Emmanuel Clase,--,--,--,--,--,--,--,--,--,
87,APRIL 11,Jeffrey Springs,--,--,--,--,--,--,--,--,--,
88,APRIL 11,Ryan Pressly,0.1,3,3,0,1,0,1,0,0,-9
89,APRIL 11,Jhoan Duran,1.0,1,1,0,3,0,0,0,0,3
90,APRIL 11,Martin Perez,--,--,--,--,--,--,--,--,--,
91,APRIL 12,Sandy Alcantara,--,--,--,--,--,--,--,--,--,
92,APRIL 12,Spencer Strider,5.0,4,3,2,9,0,0,0,0,12
93,APRIL 12,Emmanuel Clase,1.0,2,0,0,1,0,1,0,0,0
94,APRIL 12,Jeffrey Springs,--,--,--,--,--,--,--,--,--,
95,APRIL 12,Ryan Pressly,--,--,--,--,--,--,--,--,--,
96,APRIL 12,Jhoan Duran,1.0,2,1,0,0,0,0,1,0,4
97,APRIL 12,Martin Perez,--,--,--,--,--,--,--,--,--,
98,APRIL 13,Sandy Alcantara,--,--,--,--,--,--,--,--,--,
99,APRIL 13,Spencer Strider,--,--,--,--,--,--,--,--,--,
100,APRIL 13,Emmanuel Clase,--,--,--,--,--,--,--,--,--,
101,APRIL 13,Jeffrey Springs,3.0,1,1,0,5,0,0,0,0,11
102,APRIL 13,Ryan Pressly,--,--,--,--,--,--,--,--,--,
103,APRIL 13,Jhoan Duran,--,--,--,--,--,--,--,--,--,
104,APRIL 13,Martin Perez,--,--,--,--,--,--,--,--,--,
105,APRIL 14,Sandy Alcantara,--,--,--,--,--,--,--,--,--,
106,APRIL 14,Spencer Strider,--,--,--,--,--,--,--,--,--,
107,APRIL 14,Emmanuel Clase,1.0,1,0,0,1,0,0,1,0,8
108,APRIL 14,Jeffrey Springs,--,--,--,--,--,--,--,--,--,
109,APRIL 14,Ryan Pressly,--,--,--,--,--,--,--,--,--,
110,APRIL 14,Jhoan Duran,1.0,1,0,0,0,0,0,1,0,7
111,APRIL 14,Martin Perez,5.0,5,2,4,4,1,0,0,0,8
112,APRIL 15,Sandy Alcantara,--,--,--,--,--,--,--,--,--,
113,APRIL 15,Max Scherzer,--,--,--,--,--,--,--,--,--,
114,APRIL 15,Spencer Strider,--,--,--,--,--,--,--,--,--,
115,APRIL 15,Emmanuel Clase,1.0,0,0,0,0,0,0,1,0,8
116,APRIL 15,Jeffrey Springs,--,--,--,--,--,--,--,--,--,
117,APRIL 15,Ryan Pressly,--,--,--,--,--,--,--,--,--,
118,APRIL 15,Jhoan Duran,--,--,--,--,--,--,--,--,--,
119,APRIL 16,Sandy Alcantara,6.0,6,3,0,9,0,1,0,0,13
120,APRIL 16,Max Scherzer,--,--,--,--,--,--,--,--,--,
121,APRIL 16,Spencer Strider,--,--,--,--,--,--,--,--,--,
122,APRIL 16,Emmanuel Clase,--,--,--,--,--,--,--,--,--,
123,APRIL 16,Jeffrey Springs,--,--,--,--,--,--,--,--,--,
124,APRIL 16,Ryan Pressly,--,--,--,--,--,--,--,--,--,
125,APRIL 16,Jhoan Duran,--,--,--,--,--,--,--,--,--,
126,APRIL 17,Sandy Alcantara,--,--,--,--,--,--,--,--,--,
127,APRIL 17,Max Scherzer,--,--,--,--,--,--,--,--,--,
128,APRIL 17,Spencer Strider,--,--,--,--,--,--,--,--,--,
129,APRIL 17,Emmanuel Clase,--,--,--,--,--,--,--,--,--,
130,APRIL 17,Ryan Pressly,--,--,--,--,--,--,--,--,--,
131,APRIL 17,Jhoan Duran,--,--,--,--,--,--,--,--,--,
132,APRIL 17,Drew VerHagen,--,--,--,--,--,--,--,--,--,
133,APRIL 18,Sandy Alcantara,--,--,--,--,--,--,--,--,--,
134,APRIL 18,Max Scherzer,--,--,--,--,--,--,--,--,--,
135,APRIL 18,Spencer Strider,6.0,1,0,3,9,1,0,0,0,25
136,APRIL 18,Emmanuel Clase,--,--,--,--,--,--,--,--,--,
137,APRIL 18,Ryan Pressly,1.0,0,0,0,1,0,0,0,0,4
138,APRIL 18,Jhoan Duran,1.0,0,0,0,2,0,0,0,0,5
139,APRIL 18,Drew VerHagen,--,--,--,--,--,--,--,--,--,
140,APRIL 19,Sandy Alcantara,--,--,--,--,--,--,--,--,--,
141,APRIL 19,Max Scherzer,3.0,1,0,2,3,0,0,0,0,9
142,APRIL 19,Emmanuel Clase,1.0,2,0,0,0,0,0,1,0,6
143,APRIL 19,Ryan Pressly,1.0,0,0,0,0,0,0,0,0,3
144,APRIL 19,Jhoan Duran,--,--,--,--,--,--,--,--,--,
145,APRIL 19,Martin Perez,5.2,8,3,0,3,1,0,0,0,8
146,APRIL 19,Drew VerHagen,1.0,0,0,1,2,0,0,0,0,
147,APRIL 20,Sandy Alcantara,--,--,--,--,--,--,--,--,--,
148,APRIL 20,Max Scherzer,--,--,--,--,--,--,--,--,--,
149,APRIL 20,Emmanuel Clase,--,--,--,--,--,--,--,--,--,
150,APRIL 20,Ryan Pressly,--,--,--,--,--,--,--,--,--,
151,APRIL 20,Jhoan Duran,--,--,--,--,--,--,--,--,--,
152,APRIL 20,Martin Perez,--,--,--,--,--,--,--,--,--,
153,APRIL 20,Drew VerHagen,--,--,--,--,--,--,--,--,--,
154,APRIL 21,Sandy Alcantara,--,--,--,--,--,--,--,--,--,
155,APRIL 21,Spencer Strider,--,--,--,--,--,--,--,--,--,
156,APRIL 21,Emmanuel Clase,--,--,--,--,--,--,--,--,--,
157,APRIL 21,Ryan Pressly,1.0,0,0,1,1,0,0,1,0,8
158,APRIL 21,Jhoan Duran,--,--,--,--,--,--,--,--,--,
159,APRIL 21,Martin Perez,--,--,--,--,--,--,--,--,--,
160,APRIL 21,Drew VerHagen,0.2,2,1,0,1,0,0,0,0,
161,APRIL 22,Sandy Alcantara,--,--,--,--,--,--,--,--,--,
162,APRIL 22,Spencer Strider,--,--,--,--,--,--,--,--,--,
163,APRIL 22,Emmanuel Clase,1.0,0,0,0,0,0,0,0,0,3
164,APRIL 22,Ryan Pressly,--,--,--,--,--,--,--,--,--,
165,APRIL 22,Joe Musgrove,5.0,7,3,0,6,1,0,0,0,10
166,APRIL 22,Jhoan Duran,--,--,--,--,--,--,--,--,--,
167,APRIL 22,Drew VerHagen,--,--,--,--,--,--,--,--,--,
168,APRIL 23,Sandy Alcantara,--,--,--,--,--,--,--,--,--,
169,APRIL 23,Spencer Strider,--,--,--,--,--,--,--,--,--,
170,APRIL 23,Emmanuel Clase,1.0,0,0,0,0,0,0,1,0,8
171,APRIL 23,Ryan Pressly,--,--,--,--,--,--,--,--,--,
172,APRIL 23,Joe Musgrove,--,--,--,--,--,--,--,--,--,
173,APRIL 23,Jhoan Duran,1.0,0,0,0,1,0,0,1,0,9
174,APRIL 23,Drew VerHagen,--,--,--,--,--,--,--,--,--,
175,APRIL 24,Sandy Alcantara,--,--,--,--,--,--,--,--,--,
176,APRIL 24,Spencer Strider,8.0,2,0,0,13,1,0,0,0,37
177,APRIL 24,Emmanuel Clase,--,--,--,--,--,--,--,--,--,
178,APRIL 24,Ryan Pressly,--,--,--,--,--,--,--,--,--,
179,APRIL 24,Joe Musgrove,--,--,--,--,--,--,--,--,--,
180,APRIL 24,Jhoan Duran,--,--,--,--,--,--,--,--,--,
181,APRIL 24,Drew VerHagen,1.0,2,3,1,2,0,0,0,0,
182,APRIL 25,Sandy Alcantara,--,--,--,--,--,--,--,--,--,
183,APRIL 25,Spencer Strider,--,--,--,--,--,--,--,--,--,
184,APRIL 25,Emmanuel Clase,--,--,--,--,--,--,--,--,--,
185,APRIL 25,Ryan Pressly,1.0,1,0,0,0,0,0,0,0,2
186,APRIL 25,Joe Musgrove,--,--,--,--,--,--,--,--,--,
187,APRIL 25,Jhoan Duran,1.0,1,0,0,1,0,0,0,0,3
188,APRIL 25,Jorge Lopez,1.0,0,0,0,1,0,0,0,0,4
189,APRIL 26,Sandy Alcantara,5.2,4,2,3,6,0,0,0,0,12
190,APRIL 26,Spencer Strider,--,--,--,--,--,--,--,--,--,
191,APRIL 26,Emmanuel Clase,1.0,1,0,0,0,0,0,1,0,7
192,APRIL 26,Ryan Pressly,1.0,0,0,0,0,0,0,1,0,8
193,APRIL 26,Joe Musgrove,--,--,--,--,--,--,--,--,--,
194,APRIL 26,Jhoan Duran,--,--,--,--,--,--,--,--,--,
195,APRIL 26,Jorge Lopez,--,--,--,--,--,--,--,--,--,
196,APRIL 27,Sandy Alcantara,--,--,--,--,--,--,--,--,--,
197,APRIL 27,Spencer Strider,--,--,--,--,--,--,--,--,--,
198,APRIL 27,Emmanuel Clase,--,--,--,--,--,--,--,--,--,
199,APRIL 27,Ryan Pressly,--,--,--,--,--,--,--,--,--,
200,APRIL 27,Joe Musgrove,--,--,--,--,--,--,--,--,--,
201,APRIL 27,Jhoan Duran,1.0,0,0,1,2,0,0,0,0,4
202,APRIL 27,Jorge Lopez,--,--,--,--,--,--,--,--,--,
203,APRIL 28,Sandy Alcantara,--,--,--,--,--,--,--,--,--,
204,APRIL 28,Spencer Strider,--,--,--,--,--,--,--,--,--,
205,APRIL 28,Emmanuel Clase,1.0,1,0,0,0,0,0,1,0,7
206,APRIL 28,Ryan Pressly,--,--,--,--,--,--,--,--,--,
207,APRIL 28,Joe Musgrove,--,--,--,--,--,--,--,--,--,
208,APRIL 28,Jhoan Duran,--,--,--,--,--,--,--,--,--,
209,APRIL 28,Jorge Lopez,1.0,2,0,0,1,0,0,1,0,7
210,APRIL 29,Sandy Alcantara,--,--,--,--,--,--,--,--,--,
211,APRIL 29,Spencer Strider,--,--,--,--,--,--,--,--,--,
212,APRIL 29,Emmanuel Clase,0.1,2,0,0,0,0,1,0,0,-3
213,APRIL 29,Ryan Pressly,--,--,--,--,--,--,--,--,--,
214,APRIL 29,Joe Musgrove,3.1,6,7,1,3,0,0,0,0,-8
215,APRIL 29,Jhoan Duran,1.0,0,1,3,1,0,1,0,0,-3
216,APRIL 29,Jorge Lopez,0.1,1,0,1,0,0,0,0,0,-1
217,APRIL 30,Sandy Alcantara,--,--,--,--,--,--,--,--,--,
218,APRIL 30,Spencer Strider,--,--,--,--,--,--,--,--,--,
219,APRIL 30,Emmanuel Clase,--,--,--,--,--,--,--,--,--,
220,APRIL 30,Ryan Pressly,1.0,0,0,0,1,0,0,1,0,9
221,APRIL 30,Joe Musgrove,--,--,--,--,--,--,--,--,--,
222,APRIL 30,Jhoan Duran,0.1,0,0,0,0,0,0,1,0,6
223,APRIL 30,Jorge Lopez,--,--,--,--,--,--,--,--,--,
224,MAY 1,Sandy Alcantara,--,--,--,--,--,--,--,--,--,
225,MAY 1,Spencer Strider,5.0,5,4,3,8,1,0,0,0,9
226,MAY 1,Emmanuel Clase,1.0,0,0,0,1,0,0,1,0,9
227,MAY 1,Ryan Pressly,1.0,1,0,0,1,0,0,0,0,3
228,MAY 1,Joe Musgrove,--,--,--,--,--,--,--,--,--,
229,MAY 1,Jhoan Duran,--,--,--,--,--,--,--,--,--,
230,MAY 1,Jorge Lopez,--,--,--,--,--,--,--,--,--,
231,MAY 2,Sandy Alcantara,5.0,6,3,3,5,0,1,0,0,3
232,MAY 2,Spencer Strider,--,--,--,--,--,--,--,--,--,
233,MAY 2,Emmanuel Clase,--,--,--,--,--,--,--,--,--,
234,MAY 2,Ryan Pressly,--,--,--,--,--,--,--,--,--,
235,MAY 2,Joe Musgrove,--,--,--,--,--,--,--,--,--,
236,MAY 2,Jhoan Duran,--,--,--,--,--,--,--,--,--,
237,MAY 2,Jorge Lopez,1.0,3,2,0,0,0,0,0,0,-4
238,MAY 3,Max Scherzer,3.1,8,6,1,3,0,1,0,0,-10
239,MAY 3,Spencer Strider,--,--,--,--,--,--,--,--,--,
240,MAY 3,Emmanuel Clase,1.0,2,1,0,0,0,0,0,0,-1
241,MAY 3,Ryan Pressly,--,--,--,--,--,--,--,--,--,
242,MAY 3,Joe Musgrove,--,--,--,--,--,--,--,--,--,
243,MAY 3,Jhoan Duran,--,--,--,--,--,--,--,--,--,
244,MAY 3,Jorge Lopez,--,--,--,--,--,--,--,--,--,
245,MAY 4,Max Scherzer,--,--,--,--,--,--,--,--,--,
246,MAY 4,Spencer Strider,--,--,--,--,--,--,--,--,--,
247,MAY 4,Emmanuel Clase,--,--,--,--,--,--,--,--,--,
248,MAY 4,Joe Musgrove,--,--,--,--,--,--,--,--,--,
249,MAY 4,Jhoan Duran,1.0,0,0,2,0,0,0,0,0,1
250,MAY 4,Zach Eflin,7.0,3,0,0,10,1,0,0,0,30
251,MAY 4,Yennier Cano,2.0,1,0,0,3,1,0,0,0,10
252,MAY 5,Sandy Alcantara,--,--,--,--,--,--,--,--,--,
253,MAY 5,Spencer Strider,--,--,--,--,--,--,--,--,--,
254,MAY 5,Emmanuel Clase,--,--,--,--,--,--,--,--,--,
255,MAY 5,Joe Musgrove,--,--,--,--,--,--,--,--,--,
256,MAY 5,Jhoan Duran,1.0,0,0,1,2,0,0,1,0,9
257,MAY 5,Mason Miller,--,--,--,--,--,--,--,--,--,
258,MAY 5,Yonny Chirinos,5.1,3,3,4,0,0,0,0,0,
259,MAY 6,Sandy Alcantara,--,--,--,--,--,--,--,--,--,
260,MAY 6,Spencer Strider,5.0,4,2,0,10,0,0,0,0,17
261,MAY 6,Emmanuel Clase,1.0,0,0,0,1,0,0,1,0,9
262,MAY 6,Joe Musgrove,--,--,--,--,--,--,--,--,--,
263,MAY 6,Jhoan Duran,--,--,--,--,--,--,--,--,--,
264,MAY 6,Mason Miller,--,--,--,--,--,--,--,--,--,
265,MAY 6,MacKenzie Gore,6.0,8,2,1,9,0,0,0,0,14
266,MAY 7,Sandy Alcantara,8.1,9,2,0,9,0,0,0,0,21
267,MAY 7,Spencer Strider,--,--,--,--,--,--,--,--,--,
268,MAY 7,Emmanuel Clase,1.0,0,0,1,1,0,0,1,0,8
269,MAY 7,Joe Musgrove,5.0,2,0,3,5,0,0,0,0,15
270,MAY 7,Jhoan Duran,--,--,--,--,--,--,--,--,--,
271,MAY 7,Mason Miller,6.0,5,2,1,5,0,1,0,0,11
272,MAY 7,MacKenzie Gore,--,--,--,--,--,--,--,--,--,
273,MAY 8,Sandy Alcantara,--,--,--,--,--,--,--,--,--,
274,MAY 8,Spencer Strider,--,--,--,--,--,--,--,--,--,
275,MAY 8,Emmanuel Clase,--,--,--,--,--,--,--,--,--,
276,MAY 8,Jhoan Duran,--,--,--,--,--,--,--,--,--,
277,MAY 8,Zach Eflin,--,--,--,--,--,--,--,--,--,
278,MAY 8,MacKenzie Gore,--,--,--,--,--,--,--,--,--,
279,MAY 8,Tanner Bibee,3.2,7,4,4,2,0,1,0,0,-8
280,MAY 9,Sandy Alcantara,--,--,--,--,--,--,--,--,--,
281,MAY 9,Spencer Strider,--,--,--,--,--,--,--,--,--,
282,MAY 9,Emmanuel Clase,1.0,1,0,0,0,0,0,1,0,7
283,MAY 9,Jhoan Duran,--,--,--,--,--,--,--,--,--,
284,MAY 9,Zach Eflin,6.0,7,4,1,4,0,1,0,0,4
285,MAY 9,MacKenzie Gore,--,--,--,--,--,--,--,--,--,
286,MAY 9,Tanner Bibee,--,--,--,--,--,--,--,--,--,
287,MAY 10,Sandy Alcantara,--,--,--,--,--,--,--,--,--,
288,MAY 10,Spencer Strider,--,--,--,--,--,--,--,--,--,
289,MAY 10,Emmanuel Clase,--,--,--,--,--,--,--,--,--,
290,MAY 10,Joe Musgrove,--,--,--,--,--,--,--,--,--,
291,MAY 10,Jhoan Duran,2.0,0,0,0,1,0,0,0,0,7
292,MAY 10,MacKenzie Gore,--,--,--,--,--,--,--,--,--,
293,MAY 10,Carlos Estevez,--,--,--,--,--,--,--,--,--,
294,MAY 11,Sandy Alcantara,--,--,--,--,--,--,--,--,--,
295,MAY 11,Spencer Strider,--,--,--,--,--,--,--,--,--,
296,MAY 11,Emmanuel Clase,--,--,--,--,--,--,--,--,--,
297,MAY 11,Joe Musgrove,--,--,--,--,--,--,--,--,--,
298,MAY 11,Jhoan Duran,--,--,--,--,--,--,--,--,--,
299,MAY 11,MacKenzie Gore,--,--,--,--,--,--,--,--,--,
300,MAY 11,Carlos Estevez,--,--,--,--,--,--,--,--,--,
301,MAY 12,Sandy Alcantara,--,--,--,--,--,--,--,--,--,
302,MAY 12,Spencer Strider,6.2,5,1,1,12,0,1,0,0,22
303,MAY 12,Emmanuel Clase,1.0,2,1,0,1,0,1,0,0,-2
304,MAY 12,Joe Musgrove,--,--,--,--,--,--,--,--,--,
305,MAY 12,Jhoan Duran,--,--,--,--,--,--,--,--,--,
306,MAY 12,MacKenzie Gore,4.0,5,0,2,3,0,0,0,0,8
307,MAY 12,Carlos Estevez,1.0,2,0,1,1,0,0,1,0,6
308,MAY 13,Sandy Alcantara,7.2,7,6,2,9,0,1,0,0,9
309,MAY 13,Spencer Strider,--,--,--,--,--,--,--,--,--,
310,MAY 13,Emmanuel Clase,--,--,--,--,--,--,--,--,--,
311,MAY 13,Joe Musgrove,5.2,8,4,4,5,0,1,0,0,0
312,MAY 13,Jhoan Duran,--,--,--,--,--,--,--,--,--,
313,MAY 13,MacKenzie Gore,--,--,--,--,--,--,--,--,--,
314,MAY 13,Carlos Estevez,--,--,--,--,--,--,--,--,--,
315,MAY 14,Spencer Strider,--,--,--,--,--,--,--,--,--,
316,MAY 14,Emmanuel Clase,1.0,3,2,0,1,0,0,1,0,2
317,MAY 14,Joe Musgrove,--,--,--,--,--,--,--,--,--,
318,MAY 14,Jhoan Duran,--,--,--,--,--,--,--,--,--,
319,MAY 14,Zach Eflin,6.0,7,4,1,9,1,0,0,0,13
320,MAY 14,MacKenzie Gore,--,--,--,--,--,--,--,--,--,
321,MAY 14,Carlos Estevez,0.1,2,1,0,0,0,0,0,0,-3
322,MAY 15,Spencer Strider,--,--,--,--,--,--,--,--,--,
323,MAY 15,Emmanuel Clase,--,--,--,--,--,--,--,--,--,
324,MAY 15,Joe Musgrove,--,--,--,--,--,--,--,--,--,
325,MAY 15,Jhoan Duran,2.0,1,0,0,2,0,0,0,0,7
326,MAY 15,Zach Eflin,--,--,--,--,--,--,--,--,--,
327,MAY 15,MacKenzie Gore,--,--,--,--,--,--,--,--,--,
328,MAY 15,Carlos Estevez,--,--,--,--,--,--,--,--,--,
329,MAY 16,Spencer Strider,--,--,--,--,--,--,--,--,--,
330,MAY 16,Emmanuel Clase,--,--,--,--,--,--,--,--,--,
331,MAY 16,Joe Musgrove,--,--,--,--,--,--,--,--,--,
332,MAY 16,Jhoan Duran,--,--,--,--,--,--,--,--,--,
333,MAY 16,Zach Eflin,--,--,--,--,--,--,--,--,--,
334,MAY 16,Carlos Estevez,--,--,--,--,--,--,--,--,--,
335,MAY 16,Jesus Luzardo,6.0,5,1,1,7,0,0,0,0,17
336,MAY 17,Spencer Strider,5.0,6,4,3,7,0,0,0,0,5
337,MAY 17,Emmanuel Clase,--,--,--,--,--,--,--,--,--,
338,MAY 17,Jhoan Duran,--,--,--,--,--,--,--,--,--,
339,MAY 17,Zach Eflin,--,--,--,--,--,--,--,--,--,
340,MAY 17,MacKenzie Gore,5.1,5,4,2,7,0,1,0,0,6
341,MAY 17,Carlos Estevez,--,--,--,--,--,--,--,--,--,
342,MAY 17,J.P. France,3.2,9,6,2,2,0,0,0,0,-10
343,MAY 18,Spencer Strider,--,--,--,--,--,--,--,--,--,
344,MAY 18,Emmanuel Clase,1.0,1,0,0,1,0,0,1,0,8
345,MAY 18,Jhoan Duran,--,--,--,--,--,--,--,--,--,
346,MAY 18,Zach Eflin,--,--,--,--,--,--,--,--,--,
347,MAY 18,MacKenzie Gore,--,--,--,--,--,--,--,--,--,
348,MAY 18,Carlos Estevez,1.0,2,0,1,2,0,0,1,0,7
349,MAY 18,Dylan Floro,1.0,0,0,1,0,0,0,1,0,7
350,MAY 19,Sandy Alcantara,5.2,5,4,3,5,0,1,0,0,4
351,MAY 19,Spencer Strider,--,--,--,--,--,--,--,--,--,
352,MAY 19,Emmanuel Clase,0.2,4,2,0,1,0,1,0,0,-7
353,MAY 19,Jhoan Duran,--,--,--,--,--,--,--,--,--,
354,MAY 19,MacKenzie Gore,--,--,--,--,--,--,--,--,--,
355,MAY 19,Carlos Estevez,1.0,0,0,0,2,0,0,1,0,10
356,MAY 19,Dylan Floro,--,--,--,--,--,--,--,--,--,
357,MAY 20,Spencer Strider,--,--,--,--,--,--,--,--,--,
358,MAY 20,Emmanuel Clase,--,--,--,--,--,--,--,--,--,
359,MAY 20,Joe Musgrove,5.0,6,4,1,6,0,1,0,0,4
360,MAY 20,Jhoan Duran,1.0,1,0,0,3,0,0,0,0,5
361,MAY 20,Zach Eflin,7.0,4,3,0,8,1,0,0,0,21
362,MAY 20,Carlos Estevez,--,--,--,--,--,--,--,--,--,
363,MAY 20,Dylan Floro,1.1,0,0,0,2,0,0,1,0,11
364,MAY 21,Spencer Strider,--,--,--,--,--,--,--,--,--,
365,MAY 21,Emmanuel Clase,--,--,--,--,--,--,--,--,--,
366,MAY 21,Jhoan Duran,--,--,--,--,--,--,--,--,--,
367,MAY 21,Zach Eflin,--,--,--,--,--,--,--,--,--,
368,MAY 21,Carlos Estevez,1.0,1,0,0,1,0,0,1,0,8
369,MAY 21,Jesus Luzardo,5.0,6,6,1,8,0,1,0,0,2
370,MAY 21,Dylan Floro,--,--,--,--,--,--,--,--,--,
371,MAY 22,Spencer Strider,--,--,--,--,--,--,--,--,--,
372,MAY 22,Emmanuel Clase,1.0,0,0,0,1,0,0,1,0,9
373,MAY 22,Jhoan Duran,--,--,--,--,--,--,--,--,--,
374,MAY 22,Zach Eflin,--,--,--,--,--,--,--,--,--,
375,MAY 22,Carlos Estevez,--,--,--,--,--,--,--,--,--,
376,MAY 22,Dylan Floro,--,--,--,--,--,--,--,--,--,
377,,,0.0,0,0,0,0,0,0,0,0,0
378,MAY 23,Spencer Strider,6.0,5,2,3,11,0,1,0,0,15
379,MAY 23,Emmanuel Clase,--,--,--,--,--,--,--,--,--,
380,MAY 23,Jhoan Duran,--,--,--,--,--,--,--,--,--,
381,MAY 23,MacKenzie Gore,4.2,7,3,4,5,0,0,0,0,2
382,MAY 23,Carlos Estevez,--,--,--,--,--,--,--,--,--,
383,MAY 23,Dylan Floro,--,--,--,--,--,--,--,--,--,
384,MAY 23,Alex Cobb,7.0,6,3,1,8,1,0,0,0,18
385,MAY 24,Spencer Strider,--,--,--,--,--,--,--,--,--,
386,MAY 24,Emmanuel Clase,--,--,--,--,--,--,--,--,--,
387,MAY 24,Jhoan Duran,0.2,1,0,0,2,0,0,0,0,3
388,MAY 24,MacKenzie Gore,--,--,--,--,--,--,--,--,--,
389,MAY 24,Carlos Estevez,--,--,--,--,--,--,--,--,--,
390,MAY 24,Dylan Floro,--,--,--,--,--,--,--,--,--,
391,MAY 24,Tony Gonsolin,5.2,3,3,2,4,0,0,0,0,10
392,MAY 25,Spencer Strider,--,--,--,--,--,--,--,--,--,
393,MAY 25,Emmanuel Clase,--,--,--,--,--,--,--,--,--,
394,MAY 25,Jhoan Duran,--,--,--,--,--,--,--,--,--,
395,MAY 25,Zach Eflin,7.0,6,1,2,0,1,0,0,0,13
396,MAY 25,Carlos Estevez,--,--,--,--,--,--,--,--,--,
397,MAY 25,Dylan Floro,0.1,4,3,1,0,0,0,0,0,-10
398,MAY 25,Erik Swanson,--,--,--,--,--,--,--,--,--,
399,MAY 26,Spencer Strider,--,--,--,--,--,--,--,--,--,
400,MAY 26,Emmanuel Clase,1.0,2,1,0,2,0,0,1,0,6
401,MAY 26,Jhoan Duran,--,--,--,--,--,--,--,--,--,
402,MAY 26,Zach Eflin,--,--,--,--,--,--,--,--,--,
403,MAY 26,Carlos Estevez,--,--,--,--,--,--,--,--,--,
404,MAY 26,Dylan Floro,1.0,0,0,0,2,0,0,0,0,5
405,MAY 26,Erik Swanson,1.0,0,0,2,2,0,0,0,1,5
406,MAY 27,Spencer Strider,--,--,--,--,--,--,--,--,--,
407,MAY 27,Emmanuel Clase,--,--,--,--,--,--,--,--,--,
408,MAY 27,Jhoan Duran,1.0,1,0,0,2,0,0,0,0,4
409,MAY 27,Zach Eflin,--,--,--,--,--,--,--,--,--,
410,MAY 27,Carlos Estevez,1.0,0,0,0,3,0,0,0,0,6
411,MAY 27,Dylan Floro,1.0,1,0,0,1,1,0,0,0,5
412,MAY 27,Erik Swanson,--,--,--,--,--,--,--,--,--,
413,MAY 28,Spencer Strider,6.0,2,2,1,9,1,0,0,0,22
414,MAY 28,Emmanuel Clase,--,--,--,--,--,--,--,--,--,
415,MAY 28,Jhoan Duran,--,--,--,--,--,--,--,--,--,
416,MAY 28,Carlos Estevez,--,--,--,--,--,--,--,--,--,
417,MAY 28,Dylan Floro,--,--,--,--,--,--,--,--,--,
418,MAY 28,Alex Cobb,4.0,7,7,4,5,0,1,0,0,-10
419,MAY 28,Erik Swanson,1.1,0,0,0,3,0,0,0,1,9
420,MAY 29,Spencer Strider,--,--,--,--,--,--,--,--,--,
421,MAY 29,Emmanuel Clase,--,--,--,--,--,--,--,--,--,
422,MAY 29,Jhoan Duran,2.0,1,0,0,3,1,0,0,0,10
423,MAY 29,Carlos Estevez,1.0,1,1,1,0,0,0,1,0,4
424,MAY 29,Dylan Floro,--,--,--,--,--,--,--,--,--,
425,MAY 29,Bobby Miller,6.0,4,1,1,4,1,0,0,0,17
426,MAY 29,Josh Sborz,--,--,--,--,--,--,--,--,--,
427,MAY 30,Spencer Strider,--,--,--,--,--,--,--,--,--,
428,MAY 30,Emmanuel Clase,1.0,1,0,0,1,0,0,0,0,3
429,MAY 30,Jhoan Duran,--,--,--,--,--,--,--,--,--,
430,MAY 30,Carlos Estevez,--,--,--,--,--,--,--,--,--,
431,MAY 30,Dylan Floro,0.0,2,3,2,0,0,1,0,0,-12
432,MAY 30,Tony Gonsolin,6.0,3,1,2,2,1,0,0,0,15
433,MAY 30,Josh Sborz,--,--,--,--,--,--,--,--,--,
434,MAY 31,Spencer Strider,--,--,--,--,--,--,--,--,--,
435,MAY 31,Emmanuel Clase,1.0,0,0,0,1,0,0,0,0,4
436,MAY 31,Jhoan Duran,--,--,--,--,--,--,--,--,--,
437,MAY 31,Zach Eflin,6.0,4,3,1,5,0,0,0,0,12
438,MAY 31,Carlos Estevez,--,--,--,--,--,--,--,--,--,
439,MAY 31,Josh Sborz,--,--,--,--,--,--,--,--,--,
440,MAY 31,Dane Dunning,5.0,7,3,1,6,0,1,0,0,5
441,JUNE 1,Spencer Strider,--,--,--,--,--,--,--,--,--,
442,JUNE 1,Emmanuel Clase,--,--,--,--,--,--,--,--,--,
443,JUNE 1,Joe Musgrove,6.0,3,0,3,3,1,0,0,0,17
444,JUNE 1,Jhoan Duran,--,--,--,--,--,--,--,--,--,
445,JUNE 1,Carlos Estevez,--,--,--,--,--,--,--,--,--,
446,JUNE 1,Josh Sborz,--,--,--,--,--,--,--,--,--,
447,JUNE 1,Dane Dunning,--,--,--,--,--,--,--,--,--,
448,JUNE 2,Spencer Strider,--,--,--,--,--,--,--,--,--,
449,JUNE 2,Emmanuel Clase,--,--,--,--,--,--,--,--,--,
450,JUNE 2,Joe Musgrove,--,--,--,--,--,--,--,--,--,
451,JUNE 2,Jhoan Duran,1.2,1,0,1,3,0,0,1,0,11
452,JUNE 2,Carlos Estevez,--,--,--,--,--,--,--,--,--,
453,JUNE 2,Josh Sborz,--,--,--,--,--,--,--,--,--,
454,JUNE 2,Dane Dunning,--,--,--,--,--,--,--,--,--,
455,JUNE 3,Spencer Strider,6.0,3,2,4,7,1,0,0,0,16
456,JUNE 3,Emmanuel Clase,1.0,0,0,0,2,0,0,1,0,10
457,JUNE 3,Joe Musgrove,--,--,--,--,--,--,--,--,--,
458,JUNE 3,Jhoan Duran,--,--,--,--,--,--,--,--,--,
459,JUNE 3,Carlos Estevez,--,--,--,--,--,--,--,--,--,
460,JUNE 3,Josh Sborz,2.0,0,0,0,2,1,0,0,0,10
461,JUNE 3,Dane Dunning,--,--,--,--,--,--,--,--,--,
462,JUNE 4,Emmanuel Clase,1.0,1,0,1,2,0,0,1,0,8
463,JUNE 4,Joe Musgrove,--,--,--,--,--,--,--,--,--,
464,JUNE 4,Jhoan Duran,--,--,--,--,--,--,--,--,--,
465,JUNE 4,Carlos Estevez,1.1,0,0,1,0,0,0,1,0,8
466,JUNE 4,Bobby Miller,6.0,1,0,2,7,0,0,0,0,22
467,JUNE 4,Dane Dunning,--,--,--,--,--,--,--,--,--,
468,JUNE 4,Mark Leiter Jr.,--,--,--,--,--,--,--,--,--,
469,JUNE 5,Emmanuel Clase,--,--,--,--,--,--,--,--,--,
470,JUNE 5,Joe Musgrove,--,--,--,--,--,--,--,--,--,
471,JUNE 5,Jhoan Duran,--,--,--,--,--,--,--,--,--,
472,JUNE 5,Carlos Estevez,--,--,--,--,--,--,--,--,--,
473,JUNE 5,Bobby Miller,--,--,--,--,--,--,--,--,--,
474,JUNE 5,Dane Dunning,--,--,--,--,--,--,--,--,--,
475,JUNE 5,Mark Leiter Jr.,--,--,--,--,--,--,--,--,--,
476,JUNE 6,Emmanuel Clase,--,--,--,--,--,--,--,--,--,
477,JUNE 6,Joe Musgrove,5.0,4,1,1,8,0,0,0,0,16
478,JUNE 6,Zach Eflin,6.2,3,0,1,9,1,0,0,0,27
479,JUNE 6,Carlos Estevez,1.0,2,0,0,2,0,0,1,0,8
480,JUNE 6,Tony Gonsolin,5.0,5,3,3,5,0,0,0,0,6
481,JUNE 6,Dane Dunning,5.2,7,4,2,1,1,0,0,0,3
482,JUNE 6,Mark Leiter Jr.,--,--,--,--,--,--,--,--,--,
483,JUNE 7,Emmanuel Clase,1.0,0,0,1,2,0,0,1,0,9
484,JUNE 7,Joe Musgrove,--,--,--,--,--,--,--,--,--,
485,JUNE 7,Jhoan Duran,0.0,1,1,0,0,0,1,0,0,-5
486,JUNE 7,Zach Eflin,--,--,--,--,--,--,--,--,--,
487,JUNE 7,Carlos Estevez,--,--,--,--,--,--,--,--,--,
488,JUNE 7,Tony Gonsolin,--,--,--,--,--,--,--,--,--,
489,JUNE 7,Mark Leiter Jr.,0.2,2,2,1,2,0,0,0,0,-3
490,JUNE 8,Spencer Strider,4.0,8,8,2,8,0,0,0,0,-6
491,JUNE 8,Emmanuel Clase,--,--,--,--,--,--,--,--,--,
492,JUNE 8,Jhoan Duran,--,--,--,--,--,--,--,--,--,
493,JUNE 8,Zach Eflin,--,--,--,--,--,--,--,--,--,
494,JUNE 8,Carlos Estevez,1.0,0,0,0,1,0,0,1,0,9
495,JUNE 8,Tony Gonsolin,--,--,--,--,--,--,--,--,--,
496,JUNE 8,Mark Leiter Jr.,--,--,--,--,--,--,--,--,--,
497,JUNE 9,Spencer Strider,--,--,--,--,--,--,--,--,--,
498,JUNE 9,Emmanuel Clase,1.0,0,0,0,1,0,0,0,0,4
499,JUNE 9,Jhoan Duran,2.0,1,0,2,2,1,0,0,0,7
500,JUNE 9,Zach Eflin,--,--,--,--,--,--,--,--,--,
501,JUNE 9,Carlos Estevez,1.0,1,1,1,1,0,0,1,0,5
502,JUNE 9,Tony Gonsolin,--,--,--,--,--,--,--,--,--,
503,JUNE 9,Eury Perez,5.0,5,1,2,6,0,0,0,0,12
504,JUNE 10,Spencer Strider,--,--,--,--,--,--,--,--,--,
505,JUNE 10,Emmanuel Clase,--,--,--,--,--,--,--,--,--,
506,JUNE 10,Jhoan Duran,--,--,--,--,--,--,--,--,--,
507,JUNE 10,Zach Eflin,--,--,--,--,--,--,--,--,--,
508,JUNE 10,Carlos Estevez,--,--,--,--,--,--,--,--,--,
509,JUNE 10,Tony Gonsolin,--,--,--,--,--,--,--,--,--,
510,JUNE 10,Bobby Miller,6.0,3,0,3,7,1,0,0,0,21
511,JUNE 11,Spencer Strider,--,--,--,--,--,--,--,--,--,
512,JUNE 11,Emmanuel Clase,1.0,0,0,0,2,0,0,0,0,5
513,JUNE 11,Jhoan Duran,--,--,--,--,--,--,--,--,--,
514,JUNE 11,Zach Eflin,--,--,--,--,--,--,--,--,--,
515,JUNE 11,Carlos Estevez,--,--,--,--,--,--,--,--,--,
516,JUNE 11,Tony Gonsolin,--,--,--,--,--,--,--,--,--,
517,JUNE 11,Bobby Miller,--,--,--,--,--,--,--,--,--,
518,JUNE 12,Spencer Strider,--,--,--,--,--,--,--,--,--,
519,JUNE 12,Emmanuel Clase,--,--,--,--,--,--,--,--,--,
520,JUNE 12,Jhoan Duran,--,--,--,--,--,--,--,--,--,
521,JUNE 12,Zach Eflin,4.2,5,4,2,6,0,1,0,0,3
522,JUNE 12,Carlos Estevez,1.0,1,0,1,2,0,0,0,0,3
523,JUNE 12,Tony Gonsolin,--,--,--,--,--,--,--,--,--,
524,JUNE 12,Bobby Miller,--,--,--,--,--,--,--,--,--,
525,JUNE 13,Spencer Strider,--,--,--,--,--,--,--,--,--,
526,JUNE 13,Emmanuel Clase,--,--,--,--,--,--,--,--,--,
527,JUNE 13,Joe Musgrove,6.0,7,3,1,5,1,0,0,0,11
528,JUNE 13,Jhoan Duran,--,--,--,--,--,--,--,--,--,
529,JUNE 13,Zach Eflin,--,--,--,--,--,--,--,--,--,
530,JUNE 13,Carlos Estevez,0.2,0,0,0,1,0,0,1,0,8
531,JUNE 13,Tony Gonsolin,6.0,2,0,2,6,1,0,0,0,22
532,JUNE 14,Spencer Strider,5.0,7,5,2,6,1,0,0,0,4
533,JUNE 14,Emmanuel Clase,--,--,--,--,--,--,--,--,--,
534,JUNE 14,Joe Musgrove,--,--,--,--,--,--,--,--,--,
535,JUNE 14,Jhoan Duran,1.0,0,0,0,1,0,0,0,1,6
536,JUNE 14,Zach Eflin,--,--,--,--,--,--,--,--,--,
537,JUNE 14,Carlos Estevez,--,--,--,--,--,--,--,--,--,
538,JUNE 14,Eury Perez,6.0,2,0,1,6,1,0,0,0,23
539,JUNE 15,Spencer Strider,--,--,--,--,--,--,--,--,--,
540,JUNE 15,Emmanuel Clase,1.1,0,0,1,1,0,0,1,0,9
541,JUNE 15,Joe Musgrove,--,--,--,--,--,--,--,--,--,
542,JUNE 15,Jhoan Duran,--,--,--,--,--,--,--,--,--,
543,JUNE 15,Zach Eflin,--,--,--,--,--,--,--,--,--,
544,JUNE 15,Carlos Estevez,0.0,0,1,3,0,0,0,0,0,-5
545,JUNE 15,Eury Perez,--,--,--,--,--,--,--,--,--,
546,JUNE 16,Spencer Strider,--,--,--,--,--,--,--,--,--,
547,JUNE 16,Emmanuel Clase,--,--,--,--,--,--,--,--,--,
548,JUNE 16,Joe Musgrove,--,--,--,--,--,--,--,--,--,
549,JUNE 16,Jhoan Duran,--,--,--,--,--,--,--,--,--,
550,JUNE 16,Zach Eflin,--,--,--,--,--,--,--,--,--,
551,JUNE 16,Carlos Estevez,--,--,--,--,--,--,--,--,--,
552,JUNE 16,Eury Perez,--,--,--,--,--,--,--,--,--,
553,JUNE 17,Spencer Strider,--,--,--,--,--,--,--,--,--,
554,JUNE 17,Emmanuel Clase,--,--,--,--,--,--,--,--,--,
555,JUNE 17,Joe Musgrove,--,--,--,--,--,--,--,--,--,
556,JUNE 17,Jhoan Duran,1.0,1,0,0,1,0,0,1,0,8
557,JUNE 17,Zach Eflin,6.0,4,2,2,5,0,1,0,0,11
558,JUNE 17,Carlos Estevez,--,--,--,--,--,--,--,--,--,
559,JUNE 17,Eury Perez,--,--,--,--,--,--,--,--,--,
560,JUNE 18,Spencer Strider,--,--,--,--,--,--,--,--,--,
561,JUNE 18,Emmanuel Clase,--,--,--,--,--,--,--,--,--,
562,JUNE 18,Joe Musgrove,6.0,6,2,1,1,1,0,0,0,10
563,JUNE 18,Jhoan Duran,--,--,--,--,--,--,--,--,--,
564,JUNE 18,Carlos Estevez,1.0,0,0,0,1,0,0,1,0,9
565,JUNE 18,Tony Gonsolin,5.2,6,7,3,7,0,1,0,0,-1
566,JUNE 18,Eury Perez,--,--,--,--,--,--,--,--,--,
567,JUNE 19,Spencer Strider,--,--,--,--,--,--,--,--,--,
568,JUNE 19,Emmanuel Clase,--,--,--,--,--,--,--,--,--,
569,JUNE 19,Jhoan Duran,--,--,--,--,--,--,--,--,--,
570,JUNE 19,Carlos Estevez,--,--,--,--,--,--,--,--,--,
571,JUNE 19,Tony Gonsolin,--,--,--,--,--,--,--,--,--,
572,JUNE 19,Eury Perez,--,--,--,--,--,--,--,--,--,
573,JUNE 19,Bobby Miller,--,--,--,--,--,--,--,--,--,
574,JUNE 20,Spencer Strider,6.0,8,1,0,9,1,0,0,0,19
575,JUNE 20,Emmanuel Clase,1.0,0,0,0,0,0,0,0,0,3
576,JUNE 20,Jhoan Duran,--,--,--,--,--,--,--,--,--,
577,JUNE 20,Carlos Estevez,--,--,--,--,--,--,--,--,--,
578,JUNE 20,Tony Gonsolin,--,--,--,--,--,--,--,--,--,
579,JUNE 20,Eury Perez,6.0,3,0,0,9,0,0,0,0,24
580,JUNE 20,Bobby Miller,--,--,--,--,--,--,--,--,--,
581,JUNE 21,Spencer Strider,--,--,--,--,--,--,--,--,--,
582,JUNE 21,Emmanuel Clase,1.0,1,0,1,2,0,0,1,0,8
583,JUNE 21,Jhoan Duran,2.0,1,1,1,2,0,0,0,0,4
584,JUNE 21,Carlos Estevez,--,--,--,--,--,--,--,--,--,
585,JUNE 21,Tony Gonsolin,--,--,--,--,--,--,--,--,--,
586,JUNE 21,Bobby Miller,--,--,--,--,--,--,--,--,--,
587,JUNE 21,Kyle Hendricks,6.1,2,1,3,2,1,0,0,0,16
588,JUNE 22,Spencer Strider,--,--,--,--,--,--,--,--,--,
589,JUNE 22,Emmanuel Clase,--,--,--,--,--,--,--,--,--,
590,JUNE 22,Jhoan Duran,--,--,--,--,--,--,--,--,--,
591,JUNE 22,Carlos Estevez,--,--,--,--,--,--,--,--,--,
592,JUNE 22,Tony Gonsolin,--,--,--,--,--,--,--,--,--,
593,JUNE 22,Bobby Miller,--,--,--,--,--,--,--,--,--,
594,,,0.0,0,0,0,0,0,0,0,0,0
595,JUNE 23,Spencer Strider,--,--,--,--,--,--,--,--,--,
596,JUNE 23,Emmanuel Clase,--,--,--,--,--,--,--,--,--,
597,JUNE 23,Jhoan Duran,1.0,0,0,1,3,0,0,1,0,10
598,JUNE 23,Zach Eflin,6.0,7,3,2,7,1,0,0,0,12
599,JUNE 23,Carlos Estevez,--,--,--,--,--,--,--,--,--,
600,JUNE 23,Bobby Miller,--,--,--,--,--,--,--,--,--,
601,JUNE 23,Jesus Luzardo,7.0,2,0,1,9,0,0,0,0,27
602,JUNE 24,Spencer Strider,--,--,--,--,--,--,--,--,--,
603,JUNE 24,Emmanuel Clase,1.0,1,0,0,2,0,0,1,0,9
604,JUNE 24,Jhoan Duran,--,--,--,--,--,--,--,--,--,
605,JUNE 24,Zach Eflin,--,--,--,--,--,--,--,--,--,
606,JUNE 24,Carlos Estevez,--,--,--,--,--,--,--,--,--,
607,JUNE 24,Bobby Miller,4.0,10,6,3,3,0,0,0,0,-10
608,JUNE 24,Jesus Luzardo,--,--,--,--,--,--,--,--,--,
609,JUNE 25,Spencer Strider,--,--,--,--,--,--,--,--,--,
610,JUNE 25,Emmanuel Clase,1.0,0,0,1,1,0,0,0,0,3
611,JUNE 25,Jhoan Duran,1.0,0,0,0,1,0,0,1,0,9
612,JUNE 25,Carlos Estevez,--,--,--,--,--,--,--,--,--,
613,JUNE 25,Tony Gonsolin,5.0,5,4,1,3,0,0,0,0,4
614,JUNE 25,Eury Perez,6.0,4,0,1,9,1,0,0,0,24
615,JUNE 25,Yusei Kikuchi,7.0,2,1,2,8,1,0,0,0,25
616,JUNE 26,Spencer Strider,7.0,3,1,2,10,1,0,0,0,26
617,JUNE 26,Emmanuel Clase,--,--,--,--,--,--,--,--,--,
618,JUNE 26,Jhoan Duran,--,--,--,--,--,--,--,--,--,
619,JUNE 26,Carlos Estevez,1.0,1,0,0,0,1,0,0,0,4
620,JUNE 26,Tony Gonsolin,--,--,--,--,--,--,--,--,--,
621,JUNE 26,Eury Perez,--,--,--,--,--,--,--,--,--,
622,JUNE 26,Yusei Kikuchi,--,--,--,--,--,--,--,--,--,
623,JUNE 27,Emmanuel Clase,1.0,0,0,0,0,0,0,1,0,8
624,JUNE 27,Jhoan Duran,--,--,--,--,--,--,--,--,--,
625,JUNE 27,Carlos Estevez,1.0,4,1,0,1,0,0,1,0,3
626,JUNE 27,Tony Gonsolin,--,--,--,--,--,--,--,--,--,
627,JUNE 27,Eury Perez,--,--,--,--,--,--,--,--,--,
628,JUNE 27,Yusei Kikuchi,--,--,--,--,--,--,--,--,--,
629,JUNE 27,Bryan Woo,5.0,6,1,1,7,0,0,0,0,13
630,JUNE 28,Emmanuel Clase,--,--,--,--,--,--,--,--,--,
631,JUNE 28,Jhoan Duran,--,--,--,--,--,--,--,--,--,
632,JUNE 28,Zach Eflin,7.0,7,2,0,7,0,0,0,0,17
633,JUNE 28,Carlos Estevez,--,--,--,--,--,--,--,--,--,
634,JUNE 28,Eury Perez,--,--,--,--,--,--,--,--,--,
635,JUNE 28,Yusei Kikuchi,--,--,--,--,--,--,--,--,--,
636,JUNE 28,Bryan Woo,--,--,--,--,--,--,--,--,--,
637,JUNE 29,Emmanuel Clase,0.1,2,1,0,1,0,1,0,0,-4
638,JUNE 29,Jhoan Duran,--,--,--,--,--,--,--,--,--,
639,JUNE 29,Zach Eflin,--,--,--,--,--,--,--,--,--,
640,JUNE 29,Carlos Estevez,--,--,--,--,--,--,--,--,--,
641,JUNE 29,Eury Perez,--,--,--,--,--,--,--,--,--,
642,JUNE 29,Jesus Luzardo,6.1,3,0,1,9,0,0,0,0,24
643,JUNE 29,Patrick Sandoval,5.0,8,7,2,8,0,1,0,0,-3
644,JUNE 30,Emmanuel Clase,--,--,--,--,--,--,--,--,--,
645,JUNE 30,Jhoan Duran,--,--,--,--,--,--,--,--,--,
646,JUNE 30,Zach Eflin,--,--,--,--,--,--,--,--,--,
647,JUNE 30,Carlos Estevez,--,--,--,--,--,--,--,--,--,
648,JUNE 30,Eury Perez,--,--,--,--,--,--,--,--,--,
649,JUNE 30,Jesus Luzardo,--,--,--,--,--,--,--,--,--,
650,JUNE 30,Freddy Peralta,5.1,3,3,2,8,0,0,0,0,13
651,JULY 1,Emmanuel Clase,--,--,--,--,--,--,--,--,--,
652,JULY 1,Jhoan Duran,1.0,1,0,0,0,0,0,1,0,7
653,JULY 1,Zach Eflin,--,--,--,--,--,--,--,--,--,
654,JULY 1,Carlos Estevez,--,--,--,--,--,--,--,--,--,
655,JULY 1,Eury Perez,0.1,7,6,0,0,0,1,0,0,-20
656,JULY 1,Yusei Kikuchi,4.1,7,5,2,7,0,1,0,0,-1
657,JULY 1,Corbin Burnes,7.0,1,2,2,7,1,0,0,0,23
658,JULY 2,Spencer Strider,6.2,6,2,1,9,1,0,0,0,20
659,JULY 2,Emmanuel Clase,1.0,3,4,1,0,0,0,0,0,-9
660,JULY 2,Jhoan Duran,0.2,3,2,1,1,0,1,0,0,-7
661,JULY 2,Zach Eflin,--,--,--,--,--,--,--,--,--,
662,JULY 2,Carlos Estevez,1.0,1,0,0,1,0,0,1,0,8
663,JULY 2,Yusei Kikuchi,--,--,--,--,--,--,--,--,--,
664,JULY 2,Tony Gonsolin,3.2,6,4,3,3,0,1,0,0,-5
665,JULY 3,Spencer Strider,--,--,--,--,--,--,--,--,--,
666,JULY 3,Emmanuel Clase,--,--,--,--,--,--,--,--,--,
667,JULY 3,Jhoan Duran,--,--,--,--,--,--,--,--,--,
668,JULY 3,Zach Eflin,--,--,--,--,--,--,--,--,--,
669,JULY 3,Carlos Estevez,--,--,--,--,--,--,--,--,--,
670,JULY 3,Yusei Kikuchi,--,--,--,--,--,--,--,--,--,
671,,,0.0,0,0,0,0,0,0,0,0,0
672,JULY 4,Spencer Strider,--,--,--,--,--,--,--,--,--,
673,JULY 4,Emmanuel Clase,1.0,1,1,0,1,0,0,0,0,1
674,JULY 4,Jhoan Duran,--,--,--,--,--,--,--,--,--,
675,JULY 4,Zach Eflin,7.0,4,2,0,9,0,1,0,0,20
676,JULY 4,Carlos Estevez,--,--,--,--,--,--,--,--,--,
677,JULY 4,Jesus Luzardo,6.0,5,0,2,8,1,0,0,0,21
678,JULY 4,Yusei Kikuchi,--,--,--,--,--,--,--,--,--,
679,JULY 5,Spencer Strider,--,--,--,--,--,--,--,--,--,
680,JULY 5,Emmanuel Clase,--,--,--,--,--,--,--,--,--,
681,JULY 5,Jhoan Duran,--,--,--,--,--,--,--,--,--,
682,JULY 5,Carlos Estevez,--,--,--,--,--,--,--,--,--,
683,JULY 5,Yusei Kikuchi,--,--,--,--,--,--,--,--,--,
684,JULY 5,Bobby Miller,5.2,5,4,1,7,1,0,0,0,12
685,JULY 5,J.P. France,6.0,6,3,1,4,1,0,0,0,11
686,JULY 6,Spencer Strider,--,--,--,--,--,--,--,--,--,
687,JULY 6,Emmanuel Clase,--,--,--,--,--,--,--,--,--,
688,JULY 6,Jhoan Duran,--,--,--,--,--,--,--,--,--,
689,JULY 6,Carlos Estevez,--,--,--,--,--,--,--,--,--,
690,JULY 6,Eury Perez,6.0,3,1,2,7,0,1,0,0,16
691,JULY 6,Yusei Kikuchi,5.0,8,4,0,4,0,0,0,0,3
692,JULY 6,Tanner Bibee,5.0,4,1,4,4,0,0,0,0,9
693,JULY 7,Spencer Strider,--,--,--,--,--,--,--,--,--,
694,JULY 7,Emmanuel Clase,1.0,0,0,1,0,0,0,1,0,7
695,JULY 7,Jhoan Duran,1.2,1,1,0,2,0,1,0,0,2
696,JULY 7,Carlos Estevez,--,--,--,--,--,--,--,--,--,
697,JULY 7,Eury Perez,--,--,--,--,--,--,--,--,--,
698,JULY 7,Yusei Kikuchi,--,--,--,--,--,--,--,--,--,
699,JULY 7,Aroldis Chapman,1.0,0,0,0,1,0,0,0,0,
700,JULY 8,Spencer Strider,6.1,4,0,1,11,1,0,0,0,27
701,JULY 8,Emmanuel Clase,1.0,0,0,0,1,0,0,0,0,4
702,JULY 8,Jhoan Duran,--,--,--,--,--,--,--,--,--,
703,JULY 8,Carlos Estevez,1.0,0,0,2,1,0,0,0,0,2
704,JULY 8,Eury Perez,--,--,--,--,--,--,--,--,--,
705,JULY 8,Yusei Kikuchi,--,--,--,--,--,--,--,--,--,
706,JULY 8,Aroldis Chapman,--,--,--,--,--,--,--,--,--,
707,JULY 9,Emmanuel Clase,--,--,--,--,--,--,--,--,--,
708,JULY 9,Jhoan Duran,--,--,--,--,--,--,--,--,--,
709,JULY 9,Zach Eflin,5.0,4,2,0,5,1,0,0,0,14
710,JULY 9,Carlos Estevez,--,--,--,--,--,--,--,--,--,
711,JULY 9,Jesus Luzardo,6.1,4,2,1,9,1,0,0,0,21
712,JULY 9,Yusei Kikuchi,--,--,--,--,--,--,--,--,--,
713,JULY 9,Aroldis Chapman,--,--,--,--,--,--,--,--,--,
714,JULY 10,Emmanuel Clase,--,--,--,--,--,--,--,--,--,
715,JULY 10,Jhoan Duran,--,--,--,--,--,--,--,--,--,
716,JULY 10,Zach Eflin,--,--,--,--,--,--,--,--,--,
717,JULY 10,Carlos Estevez,--,--,--,--,--,--,--,--,--,
718,JULY 10,Jesus Luzardo,--,--,--,--,--,--,--,--,--,
719,JULY 10,Yusei Kikuchi,--,--,--,--,--,--,--,--,--,
720,JULY 10,Aroldis Chapman,--,--,--,--,--,--,--,--,--,
721,JULY 11,Emmanuel Clase,--,--,--,--,--,--,--,--,--,
722,JULY 11,Jhoan Duran,--,--,--,--,--,--,--,--,--,
723,JULY 11,Zach Eflin,--,--,--,--,--,--,--,--,--,
724,JULY 11,Carlos Estevez,--,--,--,--,--,--,--,--,--,
725,JULY 11,Jesus Luzardo,--,--,--,--,--,--,--,--,--,
726,JULY 11,Yusei Kikuchi,--,--,--,--,--,--,--,--,--,
727,JULY 11,Aroldis Chapman,--,--,--,--,--,--,--,--,--,
728,JULY 12,Emmanuel Clase,--,--,--,--,--,--,--,--,--,
729,JULY 12,Jhoan Duran,--,--,--,--,--,--,--,--,--,
730,JULY 12,Zach Eflin,--,--,--,--,--,--,--,--,--,
731,JULY 12,Carlos Estevez,--,--,--,--,--,--,--,--,--,
732,JULY 12,Jesus Luzardo,--,--,--,--,--,--,--,--,--,
733,JULY 12,Yusei Kikuchi,--,--,--,--,--,--,--,--,--,
734,JULY 12,Aroldis Chapman,--,--,--,--,--,--,--,--,--,
735,JULY 13,Emmanuel Clase,--,--,--,--,--,--,--,--,--,
736,JULY 13,Jhoan Duran,--,--,--,--,--,--,--,--,--,
737,JULY 13,Zach Eflin,--,--,--,--,--,--,--,--,--,
738,JULY 13,Carlos Estevez,--,--,--,--,--,--,--,--,--,
739,JULY 13,Jesus Luzardo,--,--,--,--,--,--,--,--,--,
740,JULY 13,Yusei Kikuchi,--,--,--,--,--,--,--,--,--,
741,JULY 13,Aroldis Chapman,--,--,--,--,--,--,--,--,--,
742,JULY 14,Emmanuel Clase,--,--,--,--,--,--,--,--,--,
743,JULY 14,Jhoan Duran,1.0,2,1,0,0,0,0,1,0,4
744,JULY 14,Zach Eflin,--,--,--,--,--,--,--,--,--,
745,JULY 14,Carlos Estevez,--,--,--,--,--,--,--,--,--,
746,JULY 14,Yusei Kikuchi,--,--,--,--,--,--,--,--,--,
747,JULY 14,Aroldis Chapman,1.0,0,0,0,1,0,0,0,0,
748,JULY 14,Kenta Maeda,3.0,4,3,4,6,0,0,0,0,1
749,JULY 15,Emmanuel Clase,--,--,--,--,--,--,--,--,--,
750,JULY 15,Jhoan Duran,1.0,0,0,0,2,0,0,1,0,10
751,JULY 15,Zach Eflin,--,--,--,--,--,--,--,--,--,
752,JULY 15,Carlos Estevez,1.0,0,0,1,1,1,0,0,0,5
753,JULY 15,Yusei Kikuchi,--,--,--,--,--,--,--,--,--,
754,JULY 15,Aroldis Chapman,1.0,1,0,0,2,0,0,1,0,
755,JULY 15,Tony Gonsolin,5.0,2,1,1,3,0,0,0,0,13
756,JULY 16,Emmanuel Clase,--,--,--,--,--,--,--,--,--,
757,JULY 16,Jhoan Duran,1.0,1,0,0,0,0,0,1,0,7
758,JULY 16,Zach Eflin,3.0,7,5,0,0,0,1,0,0,-10
759,JULY 16,Carlos Estevez,1.0,2,2,0,0,0,0,0,0,-3
760,JULY 16,Yusei Kikuchi,4.2,2,1,3,4,0,0,0,0,11
761,JULY 16,Aroldis Chapman,--,--,--,--,--,--,--,--,--,
762,JULY 16,Bryce Miller,5.0,5,0,1,3,1,0,0,0,14
763,JULY 17,Emmanuel Clase,1.0,1,0,0,3,0,0,0,0,5
764,JULY 17,Jhoan Duran,--,--,--,--,--,--,--,--,--,
765,JULY 17,Zach Eflin,--,--,--,--,--,--,--,--,--,
766,JULY 17,Carlos Estevez,--,--,--,--,--,--,--,--,--,
767,JULY 17,Jesus Luzardo,4.0,5,2,3,2,0,0,0,0,2
768,JULY 17,Aroldis Chapman,1.0,0,0,0,3,1,0,0,0,
769,JULY 17,Bryce Miller,--,--,--,--,--,--,--,--,--,
770,JULY 18,Emmanuel Clase,--,--,--,--,--,--,--,--,--,
771,JULY 18,Jhoan Duran,--,--,--,--,--,--,--,--,--,
772,JULY 18,Zach Eflin,--,--,--,--,--,--,--,--,--,
773,JULY 18,Carlos Estevez,1.0,0,0,0,1,0,0,0,0,4
774,JULY 18,Aroldis Chapman,--,--,--,--,--,--,--,--,--,
775,JULY 18,Bryce Miller,--,--,--,--,--,--,--,--,--,
776,JULY 18,Bryce Elder,2.2,7,5,1,4,0,0,0,0,-6
777,JULY 19,Emmanuel Clase,--,--,--,--,--,--,--,--,--,
778,JULY 19,Jhoan Duran,1.0,1,0,0,2,0,0,1,0,9
779,JULY 19,Zach Eflin,--,--,--,--,--,--,--,--,--,
780,JULY 19,Carlos Estevez,--,--,--,--,--,--,--,--,--,
781,JULY 19,Aroldis Chapman,--,--,--,--,--,--,--,--,--,
782,JULY 19,Bryce Miller,--,--,--,--,--,--,--,--,--,
783,JULY 19,Shawn Armstrong,2.0,0,0,0,1,0,0,0,0,7
784,JULY 20,Spencer Strider,6.0,4,4,1,13,0,0,0,0,18
785,JULY 20,Emmanuel Clase,--,--,--,--,--,--,--,--,--,
786,JULY 20,Jhoan Duran,--,--,--,--,--,--,--,--,--,
787,JULY 20,Carlos Estevez,--,--,--,--,--,--,--,--,--,
788,JULY 20,Aroldis Chapman,--,--,--,--,--,--,--,--,--,
789,JULY 20,Bryce Miller,--,--,--,--,--,--,--,--,--,
790,JULY 20,J.P. France,7.0,6,1,1,5,1,0,0,0,19
791,JULY 21,Emmanuel Clase,1.0,0,0,0,0,0,0,1,0,8
792,JULY 21,Jhoan Duran,--,--,--,--,--,--,--,--,--,
793,JULY 21,Zach Eflin,7.0,2,0,1,8,1,0,0,0,28
794,JULY 21,Carlos Estevez,1.0,1,0,0,2,0,0,1,0,9
795,JULY 21,Yusei Kikuchi,5.1,5,0,1,8,0,0,0,0,18
796,JULY 21,Aroldis Chapman,--,--,--,--,--,--,--,--,--,
797,JULY 21,Bryce Miller,5.1,3,1,2,6,0,0,0,0,15
798,JULY 22,Emmanuel Clase,1.0,0,0,0,1,0,0,1,0,9
799,JULY 22,Jhoan Duran,1.0,2,0,0,3,0,0,1,0,9
800,JULY 22,Zach Eflin,--,--,--,--,--,--,--,--,--,
801,JULY 22,Carlos Estevez,--,--,--,--,--,--,--,--,--,
802,JULY 22,Yusei Kikuchi,--,--,--,--,--,--,--,--,--,
803,JULY 22,Aroldis Chapman,--,--,--,--,--,--,--,--,--,
804,JULY 22,Bryce Miller,--,--,--,--,--,--,--,--,--,
805,JULY 23,Emmanuel Clase,--,--,--,--,--,--,--,--,--,
806,JULY 23,Jhoan Duran,1.0,1,0,0,2,0,0,0,0,4
807,JULY 23,Zach Eflin,--,--,--,--,--,--,--,--,--,
808,JULY 23,Carlos Estevez,1.0,0,0,1,1,0,0,1,0,8
809,JULY 23,Jesus Luzardo,7.0,4,1,2,13,0,0,0,0,26
810,JULY 23,Yusei Kikuchi,--,--,--,--,--,--,--,--,--,
811,JULY 23,Aroldis Chapman,1.0,1,0,0,2,0,0,0,0,
812,JULY 24,Emmanuel Clase,--,--,--,--,--,--,--,--,--,
813,JULY 24,Jhoan Duran,--,--,--,--,--,--,--,--,--,
814,JULY 24,Zach Eflin,--,--,--,--,--,--,--,--,--,
815,JULY 24,Carlos Estevez,--,--,--,--,--,--,--,--,--,
816,JULY 24,Jesus Luzardo,--,--,--,--,--,--,--,--,--,
817,JULY 24,Yusei Kikuchi,--,--,--,--,--,--,--,--,--,
818,JULY 24,Aroldis Chapman,1.0,1,3,2,2,0,0,0,0,
819,JULY 25,Emmanuel Clase,1.0,0,0,0,0,0,0,0,0,3
820,JULY 25,Jhoan Duran,--,--,--,--,--,--,--,--,--,
821,JULY 25,Zach Eflin,--,--,--,--,--,--,--,--,--,
822,JULY 25,Carlos Estevez,1.0,4,0,1,3,1,0,0,0,3
823,JULY 25,Jesus Luzardo,--,--,--,--,--,--,--,--,--,
824,JULY 25,Aroldis Chapman,--,--,--,--,--,--,--,--,--,
825,JULY 25,Alex Cobb,6.0,3,0,1,9,0,0,0,0,23
826,JULY 26,Spencer Strider,6.1,6,2,1,10,0,0,0,0,18
827,JULY 26,Emmanuel Clase,--,--,--,--,--,--,--,--,--,
828,JULY 26,Jhoan Duran,--,--,--,--,--,--,--,--,--,
829,JULY 26,Zach Eflin,4.0,7,5,1,3,0,1,0,0,-5
830,JULY 26,Carlos Estevez,--,--,--,--,--,--,--,--,--,
831,JULY 26,Aroldis Chapman,--,--,--,--,--,--,--,--,--,
832,JULY 26,Bryce Miller,5.2,8,6,0,7,1,0,0,0,6
833,JULY 27,Spencer Strider,--,--,--,--,--,--,--,--,--,
834,JULY 27,Emmanuel Clase,1.0,2,0,0,1,0,0,1,0,7
835,JULY 27,Jhoan Duran,--,--,--,--,--,--,--,--,--,
836,JULY 27,Zach Eflin,--,--,--,--,--,--,--,--,--,
837,JULY 27,Carlos Estevez,--,--,--,--,--,--,--,--,--,
838,JULY 27,Aroldis Chapman,--,--,--,--,--,--,--,--,--,
839,JULY 27,Bryce Miller,--,--,--,--,--,--,--,--,--,
840,JULY 28,Spencer Strider,--,--,--,--,--,--,--,--,--,
841,JULY 28,Emmanuel Clase,--,--,--,--,--,--,--,--,--,
842,JULY 28,Jhoan Duran,0.1,1,3,2,1,0,1,0,0,-9
843,JULY 28,Zach Eflin,--,--,--,--,--,--,--,--,--,
844,JULY 28,Carlos Estevez,--,--,--,--,--,--,--,--,--,
845,JULY 28,Aroldis Chapman,--,--,--,--,--,--,--,--,--,
846,JULY 28,Bryce Miller,--,--,--,--,--,--,--,--,--,
847,JULY 29,Spencer Strider,--,--,--,--,--,--,--,--,--,
848,JULY 29,Emmanuel Clase,--,--,--,--,--,--,--,--,--,
849,JULY 29,Jhoan Duran,--,--,--,--,--,--,--,--,--,
850,JULY 29,Carlos Estevez,--,--,--,--,--,--,--,--,--,
851,JULY 29,Aroldis Chapman,--,--,--,--,--,--,--,--,--,
852,JULY 29,Bryce Miller,--,--,--,--,--,--,--,--,--,
853,JULY 29,Logan Allen,6.0,8,5,3,4,0,1,0,0,-1
854,JULY 30,Spencer Strider,--,--,--,--,--,--,--,--,--,
855,JULY 30,Emmanuel Clase,1.0,1,0,0,0,0,0,0,0,2
856,JULY 30,Jhoan Duran,--,--,--,--,--,--,--,--,--,
857,JULY 30,Carlos Estevez,2.0,1,0,1,2,1,0,0,0,8
858,JULY 30,Jesus Luzardo,4.2,7,4,3,3,0,0,0,0,-1
859,JULY 30,Aroldis Chapman,--,--,--,--,--,--,--,--,--,
860,JULY 30,Dean Kremer,4.0,7,3,2,7,0,0,0,0,4
861,JULY 31,Spencer Strider,--,--,--,--,--,--,--,--,--,
862,JULY 31,Emmanuel Clase,--,--,--,--,--,--,--,--,--,
863,JULY 31,Jhoan Duran,--,--,--,--,--,--,--,--,--,
864,JULY 31,Carlos Estevez,--,--,--,--,--,--,--,--,--,
865,JULY 31,Jesus Luzardo,--,--,--,--,--,--,--,--,--,
866,JULY 31,Aroldis Chapman,--,--,--,--,--,--,--,--,--,
867,JULY 31,Nick Pivetta,7.1,5,3,0,10,0,1,0,0,19
868,AUGUST 1,Spencer Strider,6.2,5,1,2,9,1,0,0,0,22
869,AUGUST 1,Emmanuel Clase,--,--,--,--,--,--,--,--,--,
870,AUGUST 1,Jhoan Duran,1.0,1,1,0,2,0,0,1,0,7
871,AUGUST 1,Zach Eflin,6.0,3,0,0,5,1,0,0,0,22
872,AUGUST 1,Carlos Estevez,--,--,--,--,--,--,--,--,--,
873,AUGUST 1,Aroldis Chapman,1.0,1,0,0,3,0,0,0,1,
874,AUGUST 1,Bryce Miller,5.2,7,6,2,4,0,1,0,0,-2
875,AUGUST 2,Spencer Strider,--,--,--,--,--,--,--,--,--,
876,AUGUST 2,Emmanuel Clase,--,--,--,--,--,--,--,--,--,
877,AUGUST 2,Jhoan Duran,--,--,--,--,--,--,--,--,--,
878,AUGUST 2,Zach Eflin,--,--,--,--,--,--,--,--,--,
879,AUGUST 2,Carlos Estevez,--,--,--,--,--,--,--,--,--,
880,AUGUST 2,Aroldis Chapman,--,--,--,--,--,--,--,--,--,
881,AUGUST 2,Wade Miley,4.0,3,1,2,5,0,0,0,0,10
882,AUGUST 3,Spencer Strider,--,--,--,--,--,--,--,--,--,
883,AUGUST 3,Emmanuel Clase,--,--,--,--,--,--,--,--,--,
884,AUGUST 3,Jhoan Duran,1.0,2,1,0,1,0,0,1,0,5
885,AUGUST 3,Zach Eflin,--,--,--,--,--,--,--,--,--,
886,AUGUST 3,Carlos Estevez,1.0,2,4,2,3,0,1,0,0,-8
887,AUGUST 3,Aroldis Chapman,1.0,1,0,0,1,0,0,0,1,
888,AUGUST 3,Bryan Woo,6.0,4,2,2,6,0,0,0,0,14
889,AUGUST 4,Emmanuel Clase,1.0,0,0,1,1,0,0,1,0,8
890,AUGUST 4,Jhoan Duran,1.0,1,0,1,1,0,0,1,0,7
891,AUGUST 4,Carlos Estevez,--,--,--,--,--,--,--,--,--,
892,AUGUST 4,Jesus Luzardo,5.1,6,4,2,8,0,1,0,0,6
893,AUGUST 4,Aroldis Chapman,--,--,--,--,--,--,--,--,--,
894,AUGUST 4,Graham Ashcraft,8.0,5,3,2,5,0,0,0,0,16
895,AUGUST 4,Hunter Brown,6.0,5,2,1,4,1,0,0,0,14
896,AUGUST 5,Emmanuel Clase,--,--,--,--,--,--,--,--,--,
897,AUGUST 5,Jhoan Duran,--,--,--,--,--,--,--,--,--,
898,AUGUST 5,Carlos Estevez,--,--,--,--,--,--,--,--,--,
899,AUGUST 5,Aroldis Chapman,1.0,2,0,0,2,0,0,0,1,
900,AUGUST 5,Graham Ashcraft,--,--,--,--,--,--,--,--,--,
901,AUGUST 5,Steven Matz,6.0,5,1,2,6,1,0,0,0,17
902,AUGUST 5,Kyle Gibson,7.0,4,3,1,9,1,0,0,0,21
903,AUGUST 6,Emmanuel Clase,1.0,4,0,0,3,0,1,0,0,0
904,AUGUST 6,Jhoan Duran,--,--,--,--,--,--,--,--,--,
905,AUGUST 6,Carlos Estevez,1.0,1,0,1,0,0,0,0,0,1
906,AUGUST 6,Aroldis Chapman,--,--,--,--,--,--,--,--,--,
907,AUGUST 6,Graham Ashcraft,--,--,--,--,--,--,--,--,--,
908,AUGUST 6,Kyle Gibson,--,--,--,--,--,--,--,--,--,
909,AUGUST 6,Kyle Bradish,4.2,3,0,5,5,0,0,0,0,11
910,AUGUST 7,Spencer Strider,2.2,5,6,3,3,0,1,0,0,-11
911,AUGUST 7,Emmanuel Clase,--,--,--,--,--,--,--,--,--,
912,AUGUST 7,Jhoan Duran,--,--,--,--,--,--,--,--,--,
913,AUGUST 7,Carlos Estevez,0.1,3,5,2,0,0,1,0,0,-16
914,AUGUST 7,Aroldis Chapman,1.0,0,0,1,3,0,0,0,1,
915,AUGUST 7,Graham Ashcraft,--,--,--,--,--,--,--,--,--,
916,AUGUST 7,Kyle Gibson,--,--,--,--,--,--,--,--,--,
917,AUGUST 8,Emmanuel Clase,1.0,2,0,0,1,0,0,1,0,7
918,AUGUST 8,Jhoan Duran,--,--,--,--,--,--,--,--,--,
919,AUGUST 8,Zach Eflin,7.0,4,1,0,8,0,0,0,0,23
920,AUGUST 8,Carlos Estevez,--,--,--,--,--,--,--,--,--,
921,AUGUST 8,Aroldis Chapman,--,--,--,--,--,--,--,--,--,
922,AUGUST 8,Kyle Gibson,--,--,--,--,--,--,--,--,--,
923,AUGUST 8,Yusei Kikuchi,7.0,3,1,1,6,0,1,0,0,19
924,AUGUST 9,Emmanuel Clase,--,--,--,--,--,--,--,--,--,
925,AUGUST 9,Jhoan Duran,--,--,--,--,--,--,--,--,--,
926,AUGUST 9,Zach Eflin,--,--,--,--,--,--,--,--,--,
927,AUGUST 9,Carlos Estevez,1.0,1,0,0,0,0,0,1,0,7
928,AUGUST 9,Aroldis Chapman,--,--,--,--,--,--,--,--,--,
929,AUGUST 9,Graham Ashcraft,7.0,3,1,1,7,0,0,0,0,22
930,AUGUST 9,Kyle Gibson,--,--,--,--,--,--,--,--,--,
931,AUGUST 10,Emmanuel Clase,1.0,0,0,0,2,0,0,1,0,10
932,AUGUST 10,Jhoan Duran,1.0,1,0,0,2,0,0,0,0,4
933,AUGUST 10,Zach Eflin,--,--,--,--,--,--,--,--,--,
934,AUGUST 10,Carlos Estevez,--,--,--,--,--,--,--,--,--,
935,AUGUST 10,Aroldis Chapman,--,--,--,--,--,--,--,--,--,
936,AUGUST 10,Graham Ashcraft,--,--,--,--,--,--,--,--,--,
937,AUGUST 10,Kyle Gibson,--,--,--,--,--,--,--,--,--,
938,AUGUST 11,Emmanuel Clase,--,--,--,--,--,--,--,--,--,
939,AUGUST 11,Jhoan Duran,--,--,--,--,--,--,--,--,--,
940,AUGUST 11,Zach Eflin,--,--,--,--,--,--,--,--,--,
941,AUGUST 11,Carlos Estevez,--,--,--,--,--,--,--,--,--,
942,AUGUST 11,Aroldis Chapman,1.0,0,0,1,3,0,0,0,1,
943,AUGUST 11,Graham Ashcraft,--,--,--,--,--,--,--,--,--,
944,AUGUST 11,Kyle Gibson,5.1,12,9,2,4,0,1,0,0,-14
945,AUGUST 12,Spencer Strider,7.0,3,0,4,6,1,0,0,0,22
946,AUGUST 12,Emmanuel Clase,0.2,4,3,0,1,0,1,0,0,-9
947,AUGUST 12,Jhoan Duran,--,--,--,--,--,--,--,--,--,
948,AUGUST 12,Zach Eflin,--,--,--,--,--,--,--,--,--,
949,AUGUST 12,Carlos Estevez,--,--,--,--,--,--,--,--,--,
950,AUGUST 12,Aroldis Chapman,--,--,--,--,--,--,--,--,--,
951,AUGUST 12,Graham Ashcraft,--,--,--,--,--,--,--,--,--,
952,AUGUST 13,Spencer Strider,--,--,--,--,--,--,--,--,--,
953,AUGUST 13,Emmanuel Clase,--,--,--,--,--,--,--,--,--,
954,AUGUST 13,Jhoan Duran,1.0,1,0,0,0,0,0,1,0,7
955,AUGUST 13,Zach Eflin,3.0,9,6,1,3,0,1,0,0,-12
956,AUGUST 13,Carlos Estevez,1.0,0,0,0,2,0,0,1,0,10
957,AUGUST 13,Aroldis Chapman,1.0,1,0,0,3,0,0,0,0,
958,AUGUST 13,Graham Ashcraft,--,--,--,--,--,--,--,--,--,
959,AUGUST 14,Spencer Strider,--,--,--,--,--,--,--,--,--,
960,AUGUST 14,Emmanuel Clase,--,--,--,--,--,--,--,--,--,
961,AUGUST 14,Jhoan Duran,--,--,--,--,--,--,--,--,--,
962,AUGUST 14,Zach Eflin,--,--,--,--,--,--,--,--,--,
963,AUGUST 14,Carlos Estevez,--,--,--,--,--,--,--,--,--,
964,AUGUST 14,Aroldis Chapman,--,--,--,--,--,--,--,--,--,
965,AUGUST 14,Graham Ashcraft,--,--,--,--,--,--,--,--,--,
966,AUGUST 15,Spencer Strider,--,--,--,--,--,--,--,--,--,
967,AUGUST 15,Emmanuel Clase,1.0,1,0,0,1,0,0,1,0,8
968,AUGUST 15,Jhoan Duran,1.0,2,1,0,2,0,0,1,0,6
969,AUGUST 15,Carlos Estevez,--,--,--,--,--,--,--,--,--,
970,AUGUST 15,Aroldis Chapman,1.0,0,0,0,1,0,0,0,0,
971,AUGUST 15,Graham Ashcraft,7.0,7,3,2,2,0,1,0,0,6
972,AUGUST 15,Yusei Kikuchi,6.0,4,1,0,7,0,0,0,0,19
973,AUGUST 16,Spencer Strider,--,--,--,--,--,--,--,--,--,
974,AUGUST 16,Emmanuel Clase,--,--,--,--,--,--,--,--,--,
975,AUGUST 16,Jhoan Duran,--,--,--,--,--,--,--,--,--,
976,AUGUST 16,Carlos Estevez,1.0,2,0,0,2,0,0,1,0,8
977,AUGUST 16,Aroldis Chapman,1.0,1,0,0,1,0,0,0,0,
978,AUGUST 16,Graham Ashcraft,--,--,--,--,--,--,--,--,--,
979,AUGUST 16,Yusei Kikuchi,--,--,--,--,--,--,--,--,--,
980,AUGUST 17,Spencer Strider,--,--,--,--,--,--,--,--,--,
981,AUGUST 17,Emmanuel Clase,--,--,--,--,--,--,--,--,--,
982,AUGUST 17,Jhoan Duran,--,--,--,--,--,--,--,--,--,
983,AUGUST 17,Carlos Estevez,--,--,--,--,--,--,--,--,--,
984,AUGUST 17,Aroldis Chapman,--,--,--,--,--,--,--,--,--,
985,AUGUST 17,Graham Ashcraft,--,--,--,--,--,--,--,--,--,
986,AUGUST 17,Yusei Kikuchi,--,--,--,--,--,--,--,--,--,
987,AUGUST 18,Spencer Strider,7.0,1,0,1,10,1,0,0,0,31
988,AUGUST 18,Emmanuel Clase,1.0,0,0,0,0,0,0,1,0,8
989,AUGUST 18,Jhoan Duran,1.0,1,0,0,3,0,0,0,0,5
990,AUGUST 18,Carlos Estevez,1.2,4,2,0,2,0,1,0,0,-3
991,AUGUST 18,Aroldis Chapman,--,--,--,--,--,--,--,--,--,
992,AUGUST 18,Kyle Gibson,5.0,9,4,0,6,1,0,0,0,6
993,AUGUST 18,Yusei Kikuchi,--,--,--,--,--,--,--,--,--,
994,AUGUST 19,Spencer Strider,--,--,--,--,--,--,--,--,--,
995,AUGUST 19,Emmanuel Clase,--,--,--,--,--,--,--,--,--,
996,AUGUST 19,Jhoan Duran,--,--,--,--,--,--,--,--,--,
997,AUGUST 19,Zach Eflin,6.0,4,1,1,4,1,0,0,0,17
998,AUGUST 19,Aroldis Chapman,--,--,--,--,--,--,--,--,--,
999,AUGUST 19,Yusei Kikuchi,--,--,--,--,--,--,--,--,--,
1000,AUGUST 19,Kenley Jansen,--,--,--,--,--,--,--,--,--,
1001,AUGUST 20,Spencer Strider,--,--,--,--,--,--,--,--,--,
1002,AUGUST 20,Emmanuel Clase,--,--,--,--,--,--,--,--,--,
1003,AUGUST 20,Jhoan Duran,1.0,1,0,0,2,0,0,1,0,9
1004,AUGUST 20,Zach Eflin,--,--,--,--,--,--,--,--,--,
1005,AUGUST 20,Aroldis Chapman,--,--,--,--,--,--,--,--,--,
1006,AUGUST 20,Yusei Kikuchi,--,--,--,--,--,--,--,--,--,
1007,AUGUST 20,Kenley Jansen,1.0,1,0,0,2,0,0,1,0,9
1008,AUGUST 21,Spencer Strider,--,--,--,--,--,--,--,--,--,
1009,AUGUST 21,Emmanuel Clase,--,--,--,--,--,--,--,--,--,
1010,AUGUST 21,Jhoan Duran,--,--,--,--,--,--,--,--,--,
1011,AUGUST 21,Aroldis Chapman,2.0,1,1,1,2,0,0,0,0,
1012,AUGUST 21,Graham Ashcraft,--,--,--,--,--,--,--,--,--,
1013,AUGUST 21,Yusei Kikuchi,--,--,--,--,--,--,--,--,--,
1014,AUGUST 21,Kenley Jansen,--,--,--,--,--,--,--,--,--,
1015,AUGUST 22,Spencer Strider,--,--,--,--,--,--,--,--,--,
1016,AUGUST 22,Emmanuel Clase,1.0,1,0,0,1,0,0,0,0,3
1017,AUGUST 22,Jhoan Duran,--,--,--,--,--,--,--,--,--,
1018,AUGUST 22,Aroldis Chapman,--,--,--,--,--,--,--,--,--,
1019,AUGUST 22,Graham Ashcraft,7.0,5,3,2,10,1,0,0,0,20
1020,AUGUST 22,Yusei Kikuchi,4.2,7,3,1,6,0,0,0,0,6
1021,AUGUST 22,Kenley Jansen,--,--,--,--,--,--,--,--,--,
1022,AUGUST 23,Spencer Strider,--,--,--,--,--,--,--,--,--,
1023,AUGUST 23,Emmanuel Clase,--,--,--,--,--,--,--,--,--,
1024,AUGUST 23,Jhoan Duran,1.2,2,0,1,1,0,1,0,0,1
1025,AUGUST 23,Aroldis Chapman,--,--,--,--,--,--,--,--,--,
1026,AUGUST 23,Graham Ashcraft,--,--,--,--,--,--,--,--,--,
1027,AUGUST 23,Kenley Jansen,0.1,0,0,0,0,0,0,0,0,1
1028,AUGUST 23,MacKenzie Gore,4.0,4,2,1,4,0,1,0,0,5
1029,AUGUST 24,Spencer Strider,--,--,--,--,--,--,--,--,--,
1030,AUGUST 24,Emmanuel Clase,--,--,--,--,--,--,--,--,--,
1031,AUGUST 24,Jhoan Duran,--,--,--,--,--,--,--,--,--,
1032,AUGUST 24,Aroldis Chapman,--,--,--,--,--,--,--,--,--,
1033,AUGUST 24,Graham Ashcraft,--,--,--,--,--,--,--,--,--,
1034,AUGUST 24,Kyle Gibson,8.0,6,3,1,8,1,0,0,0,21
1035,AUGUST 24,Kenley Jansen,--,--,--,--,--,--,--,--,--,
1036,AUGUST 25,Spencer Strider,7.0,3,1,1,9,1,0,0,0,26
1037,AUGUST 25,Emmanuel Clase,1.0,0,0,0,1,0,0,1,0,9
1038,AUGUST 25,Jhoan Duran,--,--,--,--,--,--,--,--,--,
1039,AUGUST 25,Zach Eflin,6.0,7,2,1,11,0,1,0,0,15
1040,AUGUST 25,Aroldis Chapman,--,--,--,--,--,--,--,--,--,
1041,AUGUST 25,Graham Ashcraft,--,--,--,--,--,--,--,--,--,
1042,AUGUST 25,Cristopher Sanchez,6.0,5,2,0,6,1,0,0,0,17
1043,AUGUST 26,Spencer Strider,--,--,--,--,--,--,--,--,--,
1044,AUGUST 26,Emmanuel Clase,--,--,--,--,--,--,--,--,--,
1045,AUGUST 26,Jhoan Duran,1.0,1,0,0,2,0,0,0,0,4
1046,AUGUST 26,Zach Eflin,--,--,--,--,--,--,--,--,--,
1047,AUGUST 26,Aroldis Chapman,1.0,0,0,1,1,0,0,0,0,
1048,AUGUST 26,Graham Ashcraft,--,--,--,--,--,--,--,--,--,
1049,AUGUST 26,Cristopher Sanchez,--,--,--,--,--,--,--,--,--,
1050,AUGUST 27,Spencer Strider,--,--,--,--,--,--,--,--,--,
1051,AUGUST 27,Emmanuel Clase,1.2,1,0,1,2,1,0,0,0,7
1052,AUGUST 27,Jhoan Duran,1.0,0,0,0,0,0,0,0,0,3
1053,AUGUST 27,Zach Eflin,--,--,--,--,--,--,--,--,--,
1054,AUGUST 27,Aroldis Chapman,1.0,1,1,2,3,0,0,0,0,
1055,AUGUST 27,Graham Ashcraft,6.2,7,2,1,5,0,0,0,0,13
1056,AUGUST 27,Yusei Kikuchi,6.0,6,4,2,8,0,0,0,0,10
1057,AUGUST 28,Spencer Strider,--,--,--,--,--,--,--,--,--,
1058,AUGUST 28,Emmanuel Clase,--,--,--,--,--,--,--,--,--,
1059,AUGUST 28,Jhoan Duran,--,--,--,--,--,--,--,--,--,
1060,AUGUST 28,Aroldis Chapman,--,--,--,--,--,--,--,--,--,
1061,AUGUST 28,Yusei Kikuchi,--,--,--,--,--,--,--,--,--,
1062,AUGUST 28,Kenley Jansen,--,--,--,--,--,--,--,--,--,
1063,AUGUST 28,Bryan Woo,6.0,3,0,1,5,1,0,0,0,21
1064,AUGUST 29,Spencer Strider,--,--,--,--,--,--,--,--,--,
1065,AUGUST 29,Emmanuel Clase,1.0,1,1,0,0,0,0,1,0,5
1066,AUGUST 29,Jhoan Duran,--,--,--,--,--,--,--,--,--,
1067,AUGUST 29,Aroldis Chapman,1.0,1,1,0,1,0,0,1,0,
1068,AUGUST 29,Yusei Kikuchi,--,--,--,--,--,--,--,--,--,
1069,AUGUST 29,Kenley Jansen,--,--,--,--,--,--,--,--,--,
1070,AUGUST 29,Bryan Woo,--,--,--,--,--,--,--,--,--,
1071,AUGUST 30,Emmanuel Clase,1.0,0,0,0,1,0,0,1,0,9
1072,AUGUST 30,Jhoan Duran,1.0,1,1,1,1,0,0,0,0,0
1073,AUGUST 30,Zach Eflin,6.1,4,0,0,4,0,0,0,0,19
1074,AUGUST 30,Aroldis Chapman,0.0,0,0,2,0,0,1,0,0,
1075,AUGUST 30,Kyle Gibson,4.1,9,7,0,2,0,1,0,0,-10
1076,AUGUST 30,Yusei Kikuchi,--,--,--,--,--,--,--,--,--,
1077,AUGUST 30,Kenley Jansen,1.0,0,0,0,1,0,0,0,0,4
1078,AUGUST 31,Spencer Strider,6.0,4,4,2,9,1,0,0,0,15
1079,AUGUST 31,Emmanuel Clase,--,--,--,--,--,--,--,--,--,
1080,AUGUST 31,Jhoan Duran,--,--,--,--,--,--,--,--,--,
1081,AUGUST 31,Aroldis Chapman,--,--,--,--,--,--,--,--,--,
1082,AUGUST 31,Kyle Gibson,--,--,--,--,--,--,--,--,--,
1083,AUGUST 31,Yusei Kikuchi,--,--,--,--,--,--,--,--,--,
1084,AUGUST 31,Kenley Jansen,--,--,--,--,--,--,--,--,--,
1085,SEPTEMBER 1,Spencer Strider,--,--,--,--,--,--,--,--,--,
1086,SEPTEMBER 1,Emmanuel Clase,1.0,0,0,0,0,0,0,1,0,8
1087,SEPTEMBER 1,Jhoan Duran,1.0,0,0,0,1,0,0,0,0,4
1088,SEPTEMBER 1,Aroldis Chapman,--,--,--,--,--,--,--,--,--,
1089,SEPTEMBER 1,Graham Ashcraft,5.0,6,3,1,6,0,1,0,0,6
1090,SEPTEMBER 1,Kyle Gibson,--,--,--,--,--,--,--,--,--,
1091,SEPTEMBER 1,Kenley Jansen,--,--,--,--,--,--,--,--,--,
1092,SEPTEMBER 2,Spencer Strider,--,--,--,--,--,--,--,--,--,
1093,SEPTEMBER 2,Emmanuel Clase,1.0,0,0,0,0,0,0,0,0,3
1094,SEPTEMBER 2,Jhoan Duran,1.0,2,0,0,2,0,0,1,0,8
1095,SEPTEMBER 2,Aroldis Chapman,0.2,2,2,1,1,0,1,0,0,
1096,SEPTEMBER 2,Kyle Gibson,--,--,--,--,--,--,--,--,--,
1097,SEPTEMBER 2,Yusei Kikuchi,4.2,6,2,4,6,0,1,0,0,4
1098,SEPTEMBER 2,Kenley Jansen,--,--,--,--,--,--,--,--,--,
1099,SEPTEMBER 3,Spencer Strider,--,--,--,--,--,--,--,--,--,
1100,SEPTEMBER 3,Emmanuel Clase,--,--,--,--,--,--,--,--,--,
1101,SEPTEMBER 3,Jhoan Duran,--,--,--,--,--,--,--,--,--,
1102,SEPTEMBER 3,Kyle Gibson,--,--,--,--,--,--,--,--,--,
1103,SEPTEMBER 3,Yusei Kikuchi,--,--,--,--,--,--,--,--,--,
1104,SEPTEMBER 3,Kenley Jansen,1.0,3,2,0,1,0,0,0,0,-3
1105,SEPTEMBER 3,Yennier Cano,1.0,1,1,0,0,0,0,0,0,0
1106,SEPTEMBER 4,Spencer Strider,--,--,--,--,--,--,--,--,--,
1107,SEPTEMBER 4,Emmanuel Clase,--,--,--,--,--,--,--,--,--,
1108,SEPTEMBER 4,Jhoan Duran,--,--,--,--,--,--,--,--,--,
1109,SEPTEMBER 4,Kenley Jansen,1.0,0,0,0,0,0,0,0,0,3
1110,SEPTEMBER 4,Bryan Woo,5.0,4,5,3,0,0,1,0,0,-4
1111,SEPTEMBER 4,Yennier Cano,1.0,0,0,0,0,0,0,1,0,8
1112,SEPTEMBER 4,Shawn Armstrong,--,--,--,--,--,--,--,--,--,
1113,SEPTEMBER 5,Emmanuel Clase,--,--,--,--,--,--,--,--,--,
1114,SEPTEMBER 5,Jhoan Duran,--,--,--,--,--,--,--,--,--,
1115,SEPTEMBER 5,Zach Eflin,5.0,5,3,1,7,0,0,0,0,10
1116,SEPTEMBER 5,Kenley Jansen,0.0,1,2,1,0,0,1,0,0,-8
1117,SEPTEMBER 5,Yennier Cano,--,--,--,--,--,--,--,--,--,
1118,SEPTEMBER 5,Shawn Armstrong,1.0,3,0,0,1,0,0,0,0,1
1119,SEPTEMBER 5,Jesus Luzardo,6.0,4,2,1,6,0,0,0,0,15
1120,SEPTEMBER 6,Spencer Strider,2.2,6,6,3,5,0,1,0,0,-10
1121,SEPTEMBER 6,Emmanuel Clase,1.0,0,0,0,1,0,0,1,0,9
1122,SEPTEMBER 6,Jhoan Duran,--,--,--,--,--,--,--,--,--,
1123,SEPTEMBER 6,Kenley Jansen,--,--,--,--,--,--,--,--,--,
1124,SEPTEMBER 6,Yennier Cano,--,--,--,--,--,--,--,--,--,
1125,SEPTEMBER 6,Jesus Luzardo,--,--,--,--,--,--,--,--,--,
1126,SEPTEMBER 6,Jordan Wicks,6.2,9,2,0,1,1,0,0,0,10
1127,SEPTEMBER 7,Spencer Strider,--,--,--,--,--,--,--,--,--,
1128,SEPTEMBER 7,Emmanuel Clase,0.2,4,2,1,0,0,1,0,0,-9
1129,SEPTEMBER 7,Jhoan Duran,--,--,--,--,--,--,--,--,--,
1130,SEPTEMBER 7,Kenley Jansen,--,--,--,--,--,--,--,--,--,
1131,SEPTEMBER 7,Yennier Cano,--,--,--,--,--,--,--,--,--,
1132,SEPTEMBER 7,Jesus Luzardo,--,--,--,--,--,--,--,--,--,
1133,SEPTEMBER 7,Ryan Pepiot,7.0,1,0,0,3,1,0,0,0,25
1134,SEPTEMBER 8,Emmanuel Clase,1.0,0,0,0,0,0,0,1,0,8
1135,SEPTEMBER 8,Jhoan Duran,1.0,0,0,1,2,0,0,1,0,9
1136,SEPTEMBER 8,Yusei Kikuchi,5.0,3,1,1,8,0,0,0,0,17
1137,SEPTEMBER 8,Kenley Jansen,--,--,--,--,--,--,--,--,--,
1138,SEPTEMBER 8,Yennier Cano,--,--,--,--,--,--,--,--,--,
1139,SEPTEMBER 8,Eury Perez,5.0,4,2,3,4,0,0,0,0,8
1140,SEPTEMBER 8,Evan Phillips,1.0,0,0,0,2,0,0,1,0,10
1141,SEPTEMBER 9,Emmanuel Clase,--,--,--,--,--,--,--,--,--,
1142,SEPTEMBER 9,Jhoan Duran,--,--,--,--,--,--,--,--,--,
1143,SEPTEMBER 9,Yusei Kikuchi,--,--,--,--,--,--,--,--,--,
1144,SEPTEMBER 9,Kenley Jansen,--,--,--,--,--,--,--,--,--,
1145,SEPTEMBER 9,Yennier Cano,1.0,4,3,1,0,0,0,0,0,-8
1146,SEPTEMBER 9,Evan Phillips,--,--,--,--,--,--,--,--,--,
1147,,,0.0,0,0,0,0,0,0,0,0,0
1148,SEPTEMBER 10,Emmanuel Clase,--,--,--,--,--,--,--,--,--,
1149,SEPTEMBER 10,Jhoan Duran,--,--,--,--,--,--,--,--,--,
1150,SEPTEMBER 10,Zach Eflin,5.0,7,3,2,6,1,0,0,0,8
1151,SEPTEMBER 10,Yusei Kikuchi,--,--,--,--,--,--,--,--,--,
1152,SEPTEMBER 10,Kenley Jansen,--,--,--,--,--,--,--,--,--,
1153,SEPTEMBER 10,Evan Phillips,--,--,--,--,--,--,--,--,--,
1154,SEPTEMBER 10,J.P. France,6.0,4,1,5,5,1,0,0,0,14
1155,SEPTEMBER 11,Spencer Strider,--,--,--,--,--,--,--,--,--,
1156,SEPTEMBER 11,Emmanuel Clase,0.0,2,1,0,0,0,1,0,0,-6
1157,SEPTEMBER 11,Jhoan Duran,--,--,--,--,--,--,--,--,--,
1158,SEPTEMBER 11,Kenley Jansen,--,--,--,--,--,--,--,--,--,
1159,SEPTEMBER 11,Jesus Luzardo,5.0,10,6,4,5,0,1,0,0,-8
1160,SEPTEMBER 11,Evan Phillips,1.0,3,2,0,1,0,1,0,0,-5
1161,SEPTEMBER 11,Gavin Williams,6.0,5,3,4,2,0,0,0,0,5
1162,SEPTEMBER 12,Spencer Strider,--,--,--,--,--,--,--,--,--,
1163,SEPTEMBER 12,Emmanuel Clase,1.0,0,0,0,0,0,0,1,0,8
1164,SEPTEMBER 12,Jhoan Duran,1.0,0,0,0,0,0,0,1,0,8
1165,SEPTEMBER 12,Kenley Jansen,0.0,1,1,1,0,0,0,0,0,-4
1166,SEPTEMBER 12,Jesus Luzardo,--,--,--,--,--,--,--,--,--,
1167,SEPTEMBER 12,Michael Wacha,4.0,7,7,3,3,0,1,0,0,-11
1168,SEPTEMBER 12,Bryan Woo,5.2,4,0,0,8,1,0,0,0,23
1169,SEPTEMBER 13,Spencer Strider,7.0,4,1,2,9,1,0,0,0,24
1170,SEPTEMBER 13,Emmanuel Clase,1.0,1,0,0,2,0,0,0,0,4
1171,SEPTEMBER 13,Jhoan Duran,--,--,--,--,--,--,--,--,--,
1172,SEPTEMBER 13,Yusei Kikuchi,5.0,5,6,2,3,0,1,0,0,-3
1173,SEPTEMBER 13,Kenley Jansen,--,--,--,--,--,--,--,--,--,
1174,SEPTEMBER 13,Jesus Luzardo,--,--,--,--,--,--,--,--,--,
1175,SEPTEMBER 13,Ryan Pepiot,6.0,6,4,0,5,0,1,0,0,7
1176,SEPTEMBER 14,Spencer Strider,--,--,--,--,--,--,--,--,--,
1177,SEPTEMBER 14,Emmanuel Clase,--,--,--,--,--,--,--,--,--,
1178,SEPTEMBER 14,Jhoan Duran,--,--,--,--,--,--,--,--,--,
1179,SEPTEMBER 14,Yusei Kikuchi,--,--,--,--,--,--,--,--,--,
1180,SEPTEMBER 14,Jesus Luzardo,--,--,--,--,--,--,--,--,--,
1181,SEPTEMBER 14,Nathan Eovaldi,3.1,3,2,3,3,0,0,0,0,3
1182,SEPTEMBER 14,Kyle Finnegan,--,--,--,--,--,--,--,--,--,
1183,SEPTEMBER 15,Spencer Strider,--,--,--,--,--,--,--,--,--,
1184,SEPTEMBER 15,Emmanuel Clase,--,--,--,--,--,--,--,--,--,
1185,SEPTEMBER 15,Jhoan Duran,--,--,--,--,--,--,--,--,--,
1186,SEPTEMBER 15,Zach Eflin,7.0,1,1,0,8,1,0,0,0,28
1187,SEPTEMBER 15,Kyle Finnegan,--,--,--,--,--,--,--,--,--,
1188,SEPTEMBER 15,Griffin Canning,6.0,8,4,1,7,0,1,0,0,6
1189,SEPTEMBER 15,Wade Miley,5.2,5,3,2,3,1,0,0,0,9
1190,SEPTEMBER 16,Spencer Strider,--,--,--,--,--,--,--,--,--,
1191,SEPTEMBER 16,Emmanuel Clase,1.0,1,0,0,1,0,0,1,0,8
1192,SEPTEMBER 16,Jhoan Duran,1.0,0,0,0,1,0,0,0,0,4
1193,SEPTEMBER 16,Zach Eflin,--,--,--,--,--,--,--,--,--,
1194,SEPTEMBER 16,J.P. France,4.1,5,5,4,0,0,0,0,0,-6
1195,SEPTEMBER 16,Sawyer Gipson-Long,5.0,2,1,3,11,0,0,0,0,19
1196,SEPTEMBER 16,Tanner Bibee,5.1,5,1,0,4,0,0,0,0,13
1197,SEPTEMBER 17,Spencer Strider,--,--,--,--,--,--,--,--,--,
1198,SEPTEMBER 17,Emmanuel Clase,--,--,--,--,--,--,--,--,--,
1199,SEPTEMBER 17,Jhoan Duran,--,--,--,--,--,--,--,--,--,
1200,SEPTEMBER 17,Zach Eflin,--,--,--,--,--,--,--,--,--,
1201,SEPTEMBER 17,Sawyer Gipson-Long,--,--,--,--,--,--,--,--,--,
1202,SEPTEMBER 17,Tanner Bibee,--,--,--,--,--,--,--,--,--,
1203,SEPTEMBER 17,Ryan Yarbrough,4.2,5,1,2,7,1,0,0,0,14
1204,SEPTEMBER 18,Spencer Strider,--,--,--,--,--,--,--,--,--,
1205,SEPTEMBER 18,Emmanuel Clase,--,--,--,--,--,--,--,--,--,
1206,SEPTEMBER 18,Jhoan Duran,--,--,--,--,--,--,--,--,--,
1207,SEPTEMBER 18,Zach Eflin,--,--,--,--,--,--,--,--,--,
1208,SEPTEMBER 18,Sawyer Gipson-Long,--,--,--,--,--,--,--,--,--,
1209,SEPTEMBER 18,Bryan Woo,5.0,3,0,4,6,1,0,0,0,16
1210,SEPTEMBER 18,Michael Wacha,5.0,5,2,0,6,1,0,0,0,14
1211,SEPTEMBER 19,Spencer Strider,7.0,4,3,0,11,1,0,0,0,24
1212,SEPTEMBER 19,Emmanuel Clase,--,--,--,--,--,--,--,--,--,
1213,SEPTEMBER 19,Jhoan Duran,--,--,--,--,--,--,--,--,--,
1214,SEPTEMBER 19,Zach Eflin,--,--,--,--,--,--,--,--,--,
1215,SEPTEMBER 19,Yusei Kikuchi,5.0,4,1,1,7,1,0,0,0,17
1216,SEPTEMBER 19,Sawyer Gipson-Long,--,--,--,--,--,--,--,--,--,
1217,SEPTEMBER 19,Carlos Estevez,--,--,--,--,--,--,--,--,--,
1218,SEPTEMBER 20,Spencer Strider,--,--,--,--,--,--,--,--,--,
1219,SEPTEMBER 20,Emmanuel Clase,--,--,--,--,--,--,--,--,--,
1220,SEPTEMBER 20,Jhoan Duran,1.0,0,0,1,2,1,0,0,0,6
1221,SEPTEMBER 20,Zach Eflin,--,--,--,--,--,--,--,--,--,
1222,SEPTEMBER 20,Yusei Kikuchi,--,--,--,--,--,--,--,--,--,
1223,SEPTEMBER 20,Sawyer Gipson-Long,--,--,--,--,--,--,--,--,--,
1224,SEPTEMBER 20,Carlos Estevez,1.0,1,0,0,1,0,0,0,0,3
1225,SEPTEMBER 21,Spencer Strider,--,--,--,--,--,--,--,--,--,
1226,SEPTEMBER 21,Emmanuel Clase,1.0,1,0,1,2,0,0,1,0,8
1227,SEPTEMBER 21,Jhoan Duran,--,--,--,--,--,--,--,--,--,
1228,SEPTEMBER 21,Zach Eflin,5.0,6,2,1,10,0,0,0,0,14
1229,SEPTEMBER 21,Yusei Kikuchi,--,--,--,--,--,--,--,--,--,
1230,SEPTEMBER 21,Sawyer Gipson-Long,--,--,--,--,--,--,--,--,--,
1231,SEPTEMBER 21,Carlos Estevez,0.2,4,2,1,1,0,1,0,0,-8
1232,SEPTEMBER 22,Spencer Strider,--,--,--,--,--,--,--,--,--,
1233,SEPTEMBER 22,Emmanuel Clase,1.0,2,2,0,1,1,0,0,0,0
1234,SEPTEMBER 22,Jhoan Duran,1.0,2,1,2,1,0,0,1,0,3
1235,SEPTEMBER 22,Zach Eflin,--,--,--,--,--,--,--,--,--,
1236,SEPTEMBER 22,Yusei Kikuchi,--,--,--,--,--,--,--,--,--,
1237,SEPTEMBER 22,Sawyer Gipson-Long,5.0,4,1,3,4,0,0,0,0,10
1238,SEPTEMBER 22,Dean Kremer,3.1,7,3,2,3,0,0,0,0,-2
1239,SEPTEMBER 23,Spencer Strider,--,--,--,--,--,--,--,--,--,
1240,SEPTEMBER 23,Emmanuel Clase,--,--,--,--,--,--,--,--,--,
1241,SEPTEMBER 23,Jhoan Duran,--,--,--,--,--,--,--,--,--,
1242,SEPTEMBER 23,Zach Eflin,--,--,--,--,--,--,--,--,--,
1243,SEPTEMBER 23,Yusei Kikuchi,--,--,--,--,--,--,--,--,--,
1244,SEPTEMBER 23,Jesus Luzardo,5.0,3,3,3,4,0,0,0,0,7
1245,SEPTEMBER 23,Dean Kremer,--,--,--,--,--,--,--,--,--,
1246,SEPTEMBER 24,Spencer Strider,5.2,7,4,1,4,1,0,0,0,7
1247,SEPTEMBER 24,Emmanuel Clase,--,--,--,--,--,--,--,--,--,
1248,SEPTEMBER 24,Jhoan Duran,--,--,--,--,--,--,--,--,--,
1249,SEPTEMBER 24,Zach Eflin,--,--,--,--,--,--,--,--,--,
1250,SEPTEMBER 24,Yusei Kikuchi,4.0,9,3,0,7,0,0,0,0,4
1251,SEPTEMBER 24,Bryan Woo,3.1,5,6,2,6,0,1,0,0,-5
1252,SEPTEMBER 24,Dean Kremer,--,--,--,--,--,--,--,--,--,
1253,SEPTEMBER 25,Spencer Strider,--,--,--,--,--,--,--,--,--,
1254,SEPTEMBER 25,Emmanuel Clase,--,--,--,--,--,--,--,--,--,
1255,SEPTEMBER 25,Jhoan Duran,--,--,--,--,--,--,--,--,--,
1256,SEPTEMBER 25,Zach Eflin,--,--,--,--,--,--,--,--,--,
1257,SEPTEMBER 25,Yusei Kikuchi,--,--,--,--,--,--,--,--,--,
1258,SEPTEMBER 25,Dean Kremer,--,--,--,--,--,--,--,--,--,
1259,SEPTEMBER 25,Bryce Jarvis,--,--,--,--,--,--,--,--,--,
1260,SEPTEMBER 26,Spencer Strider,--,--,--,--,--,--,--,--,--,
1261,SEPTEMBER 26,Emmanuel Clase,--,--,--,--,--,--,--,--,--,
1262,SEPTEMBER 26,Jhoan Duran,--,--,--,--,--,--,--,--,--,
1263,SEPTEMBER 26,Zach Eflin,5.0,5,3,0,4,1,0,0,0,10
1264,SEPTEMBER 26,Yusei Kikuchi,--,--,--,--,--,--,--,--,--,
1265,SEPTEMBER 26,Dean Kremer,--,--,--,--,--,--,--,--,--,
1266,SEPTEMBER 26,Bryce Jarvis,0.1,0,0,0,0,0,0,0,0,1
1267,SEPTEMBER 27,Spencer Strider,--,--,--,--,--,--,--,--,--,
1268,SEPTEMBER 27,Emmanuel Clase,1.0,1,0,0,0,0,0,1,0,7
1269,SEPTEMBER 27,Jhoan Duran,1.0,0,0,0,3,0,0,0,0,6
1270,SEPTEMBER 27,Zach Eflin,--,--,--,--,--,--,--,--,--,
1271,SEPTEMBER 27,Dean Kremer,--,--,--,--,--,--,--,--,--,
1272,SEPTEMBER 27,Andrew Abbott,2.1,8,3,0,1,0,1,0,0,-8
1273,SEPTEMBER 27,Dane Dunning,7.0,3,0,1,7,1,0,0,0,26
1274,SEPTEMBER 28,Spencer Strider,--,--,--,--,--,--,--,--,--,
1275,SEPTEMBER 28,Emmanuel Clase,--,--,--,--,--,--,--,--,--,
1276,SEPTEMBER 28,Jhoan Duran,--,--,--,--,--,--,--,--,--,
1277,SEPTEMBER 28,Jesus Luzardo,7.1,4,1,1,10,0,1,0,0,23
1278,SEPTEMBER 28,Sawyer Gipson-Long,5.0,4,2,2,6,0,0,0,0,11
1279,SEPTEMBER 28,Dean Kremer,5.1,2,0,1,8,1,0,0,0,23
1280,SEPTEMBER 28,Dane Dunning,--,--,--,--,--,--,--,--,--,
1281,SEPTEMBER 29,Spencer Strider,--,--,--,--,--,--,--,--,--,
1282,SEPTEMBER 29,Emmanuel Clase,1.0,1,1,0,0,0,0,1,0,5
1283,SEPTEMBER 29,Jhoan Duran,--,--,--,--,--,--,--,--,--,
1284,SEPTEMBER 29,Yusei Kikuchi,5.0,5,3,2,4,1,0,0,0,8
1285,SEPTEMBER 29,Sawyer Gipson-Long,--,--,--,--,--,--,--,--,--,
1286,SEPTEMBER 29,Dean Kremer,--,--,--,--,--,--,--,--,--,
1287,SEPTEMBER 29,Bryan Woo,3.2,2,0,3,5,0,0,0,0,11
1288,SEPTEMBER 30,Spencer Strider,5.0,6,3,3,7,1,0,0,0,9
1289,SEPTEMBER 30,Emmanuel Clase,--,--,--,--,--,--,--,--,--,
1290,SEPTEMBER 30,Jhoan Duran,1.0,0,0,1,0,0,0,0,0,2
1291,SEPTEMBER 30,Sawyer Gipson-Long,--,--,--,--,--,--,--,--,--,
1292,SEPTEMBER 30,Dean Kremer,--,--,--,--,--,--,--,--,--,
1293,SEPTEMBER 30,Kyle Gibson,5.0,7,0,1,4,0,0,0,0,11
1294,SEPTEMBER 30,Robert Stephenson,1.0,0,0,0,1,0,0,0,0,
1295,OCTOBER 1,Emmanuel Clase,--,--,--,--,--,--,--,--,--,
1296,OCTOBER 1,Jhoan Duran,--,--,--,--,--,--,--,--,--,
1297,OCTOBER 1,Dane Dunning,3.1,4,1,1,4,0,1,0,0,5
1298,OCTOBER 1,Tanner Houck,6.0,1,0,3,6,1,0,0,0,22
1299,OCTOBER 1,Pedro Avila,5.0,3,0,0,7,0,0,0,0,19
1300,OCTOBER 1,Pete Fairbanks,--,--,--,--,--,--,--,--,--,
1301,OCTOBER 1,Clay Holmes,--,--,--,--,--,--,--,--,--,
